0,0.492651861844488,0.029570245397298,0.0228730393554351,0.0028002929330986,0.000313574026707377,6.73194540826227e-06,4.27792100440823e-06,1.02021608268656e-05,0.00131783929499159,0.00183017079078793,9.47700255668224e-06,1.00033371467975e-05,3.19850717616313e-06,1.31085617015264e-06,4.7784314184221e-07,0.00012145776424229,7.06475114212262e-05,0.000991717947472217,2.26204944551163e-05,2.47101166803722e-07,2.50041553566891e-06,0.000211062651717072,0.000463068307663272,0.000241303666968793,3.41923607200951e-05,0.000288472105219021,0.000218778955401866,0.000262448115467718,0.00011936276477982,2.71341902846601e-11,4.01788685164698e-12,1.21989545805803e-12,3.9934293755905e-13,1.11830908332167e-13,8.4952821359635e-14,4.23107030577534e-11,9.35022141344538e-10,1.86785369451587e-10,5.33066003097955e-11,1.20103290574978e-09,4.285545694275e-10,6.07743662694348e-13,2.22551918553499e-12,1.06501623708525e-12,4.03902775446525e-11,5.97489580069980e-11,3.690313295451e-12,3.70908956652463e-10,4.0445231447349e-10,9.36435467500048e-10,1.26385167963974e-09,7.18787722199337e-08,4.81515405758938e-13,0
0.919824908613354,0,0.412103803120975,0.0423739260264525,0.00533701509997563,0.000578017611975396,1.21506524962482e-05,7.69150057010091e-06,1.80641421528995e-05,0.00248819600591818,0.00183017079078793,1.70425847893742e-05,1.79760634806942e-05,6.93220633391896e-06,2.83402235772674e-06,1.03590520279841e-06,0.000223657476849182,0.000129270558491691,0.00187213878515401,4.96145499684825e-05,5.32437070013274e-07,5.39354267012673e-06,0.000482821094828915,0.00110524566788491,0.000552511801022304,7.57743205935575e-05,0.00068358712131614,0.000507218191178898,0.000606431141491966,0.000265880592367216,5.54334653300867e-11,8.12928707090701e-12,2.45784338312395e-12,8.00594324043114e-13,2.23661816664334e-13,1.68717491371583e-13,8.64288839118397e-11,1.93340429170717e-09,3.8495398095065e-10,1.09085418661568e-10,2.50308934172869e-09,8.85430638242326e-10,1.21859996898764e-12,4.38359839575074e-12,2.13893729220633e-12,8.17000450278562e-11,1.20802519401205e-10,7.36905821066547e-12,7.62172701659864e-10,8.33514971797447e-10,1.9255049807983e-09,2.63096112472021e-09,1.5196862337899e-07,9.63030811517877e-13,0
0.066001449305382,0.492651861844488,0,0.333047280695636,0.878489831849308,0.00538391622670814,0.0001034936100141,6.44731922237396e-05,0.000142290086999819,0.03744726339334,0.00183017079078793,0.000157593947040384,0.000209269868358825,8.59789436174452e-05,3.482781949402e-05,1.2860329448174e-05,0.00294099252495863,0.00164562465834664,0.0281490438885311,0.000643593654169355,6.46264100247543e-06,6.57272932505299e-05,0.00739992265116468,0.0204789594759715,0.00850086100353135,0.00102263267259222,0.0122388682489849,0.00822880451663928,0.00969761646642926,0.00366049194126835,5.5630019589257e-10,7.88918087304147e-11,2.35119843427486e-11,7.53932747826537e-12,2.04650562247866e-12,1.55647826547024e-12,8.67042169983159e-10,2.0238054130345e-08,3.98316170489645e-09,1.10114280350806e-09,2.69388198739922e-08,9.24196123537362e-09,1.14677571794195e-11,3.94523855617566e-11,2.02344180228162e-11,7.92364847900549e-10,1.16951592999969e-09,6.85773580421113e-11,7.80545211017041e-09,8.62305962008146e-09,1.97638271849427e-08,2.81992276556096e-08,1.72141693100101e-06,8.06538304646222e-12,0
0.000274353060296749,0.000272219729597527,0.00178975374655686,0,0.00352885125986071,0.000390578174018518,8.32316378189654e-06,5.28185839690553e-06,1.25282480702693e-05,0.000467881703867124,0.00135129831446805,1.17018747218812e-05,3.82481397635522e-06,3.95693639614906e-07,1.63153326191211e-07,5.90782243614316e-08,4.47473754961908e-05,2.62778115409348e-05,0.00035218186998292,2.71858303312375e-06,3.10085024039778e-08,3.12945642291536e-07,2.29781378697454e-05,4.58930650955314e-05,2.62148323262519e-05,4.00884914272733e-06,2.9034753136773e-05,2.31070736786918e-05,2.79282636673883e-05,1.38253339892461e-05,3.89235335287623e-12,5.90834459009712e-13,1.81427293429275e-13,6.01161411379216e-14,1.73959190738926e-14,1.30696648245592e-14,6.07130356786844e-12,1.30063700623716e-10,2.62012284457895e-11,7.61438881584375e-12,1.63765180210282e-10,5.9735743944004e-11,9.18229861689283e-14,3.37199876596211e-13,1.59396242841354e-13,5.94304472478229e-12,8.8037264546912e-12,5.55282251353128e-13,5.24229016864122e-11,5.6741747176809e-11,1.32131912441311e-10,1.72835780937144e-10,9.45393594865556e-09,1.20378851439735e-13,0
0.00293205350579388,0.0029929662591088,0.412103803120975,0.308046194851721,0,0.108946200842055,0.00176684326555006,0.00107023260262997,0.00212812382168063,0.00814627006367924,0.0192710302514257,0.00237669595950736,0.000653969251557031,3.97624873394906e-06,1.62848852346559e-06,5.94076017836151e-07,0.000694790794869024,0.000396395409329546,0.00612713112689453,2.82133394951691e-05,3.06692555076325e-07,3.1043441073148e-06,0.000266289977261615,0.000590954694984229,0.000304520601429285,4.27673743731461e-05,0.000367432699709022,0.000277028023607143,0.000332023852915035,0.00014950705796159,3.31841804594393e-11,4.90041925849512e-12,1.48616934642438e-12,4.85700251415906e-13,1.36682221294871e-13,1.02775091574943e-13,5.17424054558078e-11,1.14734541911921e-09,2.28990023207556e-10,6.52225202583404e-11,1.47699012971181e-09,5.2575209323575e-10,7.39252854749847e-13,2.69759901276968e-12,1.29565102421324e-12,4.92599914640917e-11,7.28606913302428e-11,4.48853153177112e-12,4.54345335590949e-10,4.95833116848407e-10,1.1472924848188e-09,1.55374267142135e-09,8.8746504611208e-08,6.01894257198673e-13,0
0.000165598138672872,0.000163490078329523,0.00127384069253036,0.0171963947935957,0.0549489036006587,0,0.0965167133692879,0.0545186640698132,0.0864214721819435,0.000433335278752292,0.0206607237575801,0.121485841375118,0.0290042840925956,2.94390667632317e-07,1.2147988121739e-07,4.39498311633257e-08,0.00155481388472461,0.00241551880685547,0.000326183687427252,2.01499726664693e-06,2.31129801833442e-08,2.33181169608958e-07,1.68188233325469e-05,3.32095927340549e-05,1.91828620635108e-05,2.96188109315051e-06,2.10491688334986e-05,1.68499613571455e-05,2.03844396780243e-05,1.01987690963857e-05,2.95379111611373e-12,4.50033081637794e-13,1.38101372610343e-13,4.58027742003212e-14,1.36682221294871e-14,1.00992864553412e-14,4.60697826997642e-12,9.82822865614396e-11,1.98214904186497e-11,5.77438736350306e-12,1.23417892237334e-10,4.51520131857174e-11,7.00344809763013e-14,2.69759901276968e-13,1.21996007090869e-13,4.52456329518803e-12,6.70134401775002e-12,4.2803006875137e-13,3.96986237816929e-11,4.29260281393413e-11,1.00038150360908e-10,1.30305128169301e-10,7.09056237205019e-09,0,0
1.37938449385337e-05,1.33345792556372e-05,9.50079061008479e-05,0.00142182865679575,0.00345759684106323,0.374482830579317,0,0.883969412814898,0.237956189575428,4.01172639967153e-05,0.0884519034481048,0.0413422340674119,0.0103664894476363,2.96312946504561e-08,1.22969358804441e-08,4.42111062017219e-09,0.000585899480189604,0.000905398624479019,0.000112590569995207,1.9743833574118e-07,2.35779413872201e-09,2.37279050742927e-08,1.50914638809336e-06,2.75744489588931e-06,1.7181444466058e-06,2.83733541036121e-07,1.76942008037931e-06,1.47355977799559e-06,1.79394209066416e-06,9.66328741313401e-07,3.43500476814286e-13,5.36639211870332e-14,1.66985319822964e-14,5.72534677504015e-15,1.24256564813519e-15,1.1881513476872e-15,5.35941811201212e-13,1.10780022562969e-11,2.25319921642099e-12,6.6855701913395e-13,1.36399876912333e-11,5.10008203206822e-12,8.55976989710349e-15,0,1.51381906609107e-14,5.38238012810472e-13,7.97779049732145e-13,5.78419011826175e-14,4.54616795173517e-12,4.88008527495519e-12,1.14361841660256e-11,1.44428555972748e-11,7.56549777820451e-10,0,0
8.1203996556719e-06,7.8197106346275e-06,5.48308872650586e-05,0.000835882947783646,0.00194023526256677,0.195963181048511,0.818911796220483,0,0.633828283462943,3.73353563384902e-05,0.0206607237575801,0.0380853706400856,0.00958160652234322,1.80887034899011e-08,7.51523008703429e-09,2.69859796262111e-09,0.000543562032792142,0.000839653519424153,0.000104641698618227,1.19891102858257e-07,1.44317104127237e-09,1.45162997920633e-08,9.00923687250745e-07,1.62234394813601e-06,1.0253353047983e-06,1.71532096802025e-07,1.04341537056916e-06,8.75400882925451e-07,1.06700227231352e-06,5.82950753919853e-07,2.15959297495997e-13,3.40048609501993e-14,1.03801685295356e-14,3.33978561877342e-15,1.24256564813519e-15,5.94075673843601e-16,3.36913362105535e-13,6.91851097237895e-12,1.40954743607903e-12,4.19518193461352e-13,8.48422546202468e-12,3.18633580721326e-12,5.44712629815676e-15,0,9.79529983941284e-15,3.42005403973321e-13,5.06824337476892e-13,3.47051407095705e-14,2.84876550441607e-12,3.052299024909e-12,7.16529547898498e-12,8.98898652098327e-12,4.67250092131533e-10,0,0
7.63024509968435e-07,7.23600116034697e-07,4.76784825256901e-06,7.81179316207494e-05,0.000152010920684623,0.0122391882682651,0.00868557500271363,0.0249731482115569,0,3.356201081759e-06,3.89286134834213e-06,0.00257656882730066,0.00070745794372482,1.97101087419653e-09,8.22746291339712e-10,2.93907643317751e-10,4.45520740093625e-05,6.80701087687799e-05,9.03615759032988e-06,1.27786385104298e-08,1.59012735790639e-10,1.59612786564229e-09,8.95372734731764e-08,1.52085539844215e-07,1.01758691043167e-07,1.7951080846069e-08,9.87048081545624e-08,8.53021106924866e-08,1.0447347551583e-07,6.04716564112285e-08,2.66036815755939e-14,4.25060761877491e-15,1.3539350255916e-15,4.77112231253346e-16,0,0,4.18022134464275e-14,8.30538575622956e-13,1.7046092382294e-13,5.13041357608787e-14,1.0006637361197e-12,3.8287079125393e-13,7.78160899736681e-16,0,8.90481803582985e-16,4.4853167734206e-14,6.56994511544119e-14,0,3.46344984655184e-13,3.68772187024322e-13,8.69356986376608e-13,1.06272010203837e-12,5.3466428452862e-11,0,0
0.00145618799629286,0.00147256524001582,0.018538582993148,0.0431027644157807,0.00859696919185071,0.000906700119406427,2.16342351507223e-05,2.17335490144174e-05,4.9585722262075e-05,0,0.013283223127307,0.00225429066210541,0.00301157119051671,2.89518613837639e-06,1.18691166941689e-06,4.32514570118761e-07,0.0512331565422404,0.0271523663076121,0.643725473238849,2.04449689747884e-05,2.23830762738289e-07,2.26463732771818e-06,0.000189778867654607,0.000414249298521752,0.000216945833655314,3.08643874646608e-05,0.000258281014157723,0.000196397535358021,0.00023569462070161,0.000107676929125282,2.47441624795821e-11,3.66827437500275e-12,1.11428852606189e-12,3.6499085690881e-13,1.03132948795221e-13,7.78239132735118e-14,3.85840669246861e-11,8.51364358733392e-10,1.70144662565796e-10,4.86010491079774e-11,1.09248804017209e-09,3.90251689285325e-10,5.5560688241199e-13,2.02319925957726e-12,9.73296611316203e-13,3.68805171694509e-11,5.45587013657995e-11,3.37796702906486e-12,3.37990581984786e-10,3.68421380661793e-10,8.53256632982086e-10,1.14979760434659e-09,6.52646512725347e-08,4.81515405758938e-13,0
0.00218193491300899,0.00116862925460221,0.000977559606609225,0.134312203774891,0.0219425288444264,0.0466423404556707,0.0514650738957725,0.012976305432106,6.20544290704705e-05,0.0143317309271726,0,6.68329208807082e-05,8.86078019480751e-05,0.000286389594425727,0.00011540970310104,4.28597256882302e-05,0.0011882838263541,0.000673352907888537,0.0107773354130022,0.00219946400280934,2.12675182037414e-05,0.000216779222119916,0.0280422421737627,0.089719526067011,0.0322979264863447,0.00357711735928782,0.0520495080873687,0.0324339804200563,0.037834577148383,0.0129584249118626,1.65395323093834e-09,2.30566771717112e-10,6.82139544593561e-11,2.17009727263272e-11,5.81023697068014e-12,4.42942822417789e-12,2.57735540051203e-09,6.1499453043767e-08,1.2031273909979e-08,3.28372067495696e-09,8.30627126126302e-08,2.80428059151784e-08,3.29932439879355e-11,1.11275959276749e-10,5.83790965610969e-11,2.3149168399301e-09,3.41372471071149e-09,1.96165023670729e-10,2.34509019025618e-08,2.60440298287977e-08,5.94485591830174e-08,8.67615051951173e-08,5.45454987441436e-06,2.23904663677906e-11,0
8.34909755179366e-06,8.04153512846302e-06,6.22027416309232e-05,0.000859484502480952,0.00199974094345063,0.202665038445946,0.0177753321613008,0.0176759221702555,0.0303503680937249,0.0017973119259745,4.9386563571086e-05,0,0.78873031583122,2.026184428976e-08,8.41594085925645e-09,3.02288141610646e-09,0.032668508656209,0.0519487174470825,0.0055244784554494,1.34456465652793e-07,1.61557303219953e-09,1.62522573797476e-08,1.01428733679615e-06,1.83250174405238e-06,1.15444423492349e-06,1.9256456777508e-07,1.17797279939272e-06,9.8664087249999e-07,1.20226546880439e-06,6.54746868029043e-07,2.40215595403156e-13,3.77241426166273e-14,1.17341035551272e-14,3.81689785002677e-15,1.24256564813519e-15,5.94075673843601e-16,3.74348180117261e-13,7.70939218081663e-12,1.57005759531332e-12,4.67081402656333e-13,9.46296700641948e-12,3.55036692461184e-12,6.22528719789344e-15,0,1.06857816429958e-14,3.81251925740751e-13,5.63138152752102e-13,3.47051407095705e-14,3.17170880091887e-12,3.40026867830631e-12,7.97600536707428e-12,1.00246142519993e-11,5.21998946151074e-10,0,0
7.54090281994013e-06,7.25785008421983e-06,7.06783814270931e-05,0.000240382486804508,0.000470833483143585,0.041402371703094,0.00381386567952595,0.00380515302343349,0.00713070946863483,0.00205454935294373,5.60273690827128e-05,0.674898454988261,0,2.27260016334632e-08,9.43699224040233e-09,3.3906014267289e-09,0.0377368989439169,0.0600982299629292,0.00634152706338956,1.50993578109744e-07,1.8109359961111e-09,1.82196560942429e-08,1.14353396695308e-06,2.07296588514738e-06,1.30165467839308e-06,2.16469969856074e-07,1.3318474776513e-06,1.1136184513115e-06,1.35661961017195e-06,7.36392469332963e-07,2.67601738201562e-13,4.19747502354022e-14,1.30880385807188e-14,4.29401008128011e-15,1.24256564813519e-15,1.1881513476872e-15,4.17398220830746e-13,8.60224947630216e-12,1.75090192566354e-12,5.20523210740582e-13,1.05678454693545e-11,3.96058562952676e-12,7.00344809763012e-15,0,1.15762634465788e-14,4.20498447508181e-13,6.28837603906514e-13,4.6273520946094e-14,3.53677513609596e-12,3.7926801080886e-12,8.89365996380515e-12,1.11935189694963e-11,5.83906469688358e-10,0,0
9.23258173288385e-07,1.07172231820891e-06,1.11190937732337e-05,9.5224558839314e-06,1.0961776639417e-06,1.6091054359652e-07,4.17428122482371e-09,2.75067086846127e-09,7.60708954904833e-09,7.5630562192519e-07,6.93398494408289e-05,6.63874928181384e-09,8.70202701776497e-09,0,0.190448778354921,0.00943675526305054,8.52345919853729e-08,5.23327991983302e-08,5.69870419172416e-07,0.000727678241086463,0.00430499677968513,7.40649841890336e-05,0.000563445984178508,9.20157859277817e-05,0.00953495723484081,0.481688717952152,0.00011183706716273,8.98926997958447e-05,9.26234014329564e-05,4.3912819723584e-05,6.20613422409734e-10,8.78648414136485e-11,2.61675022396089e-11,8.38429323981504e-12,2.2738951360874e-12,1.72876021088488e-12,9.67262664764152e-10,2.26259703742949e-08,4.45052445703478e-09,1.22880726675012e-09,3.01600542472631e-08,1.03309381408748e-08,1.27525008248847e-11,4.37685439821881e-11,2.250692758556e-11,8.82452435294702e-10,1.30237899150567e-09,7.62124889982169e-11,8.71675284963757e-09,9.63476247593993e-09,2.20738121926247e-08,3.15645580850518e-08,1.93234957308055e-06,8.90803500654036e-12,0
6.78655458810181e-07,7.85837118631985e-07,8.07833847033714e-06,7.04213432133585e-06,8.05212632202529e-07,1.19092193572793e-07,3.10703723896595e-09,2.04970774527195e-09,5.69526470747913e-09,5.56106165627756e-07,5.01171603991523e-05,4.94570765647084e-09,6.48111107055156e-09,0.341583326623286,0,0.147781489403025,6.30486163184313e-08,3.87760174590651e-08,4.19036991149881e-07,0.00822906872740771,0.061968948445037,0.000776459443723036,0.00677581837093472,6.59044357627425e-05,0.000365670444471417,0.0145865632159067,8.96461890324563e-05,0.000212107546214121,7.98852625661811e-05,7.44957083808815e-05,5.25134022049823e-09,7.18095525812024e-10,2.10720129019624e-10,6.64478975588847e-11,1.7518933073058e-11,1.33964064451732e-11,8.18146370480326e-09,2.0015556924979e-07,3.88892164766964e-08,1.04613696746842e-08,2.74876599537488e-07,9.11135878198674e-08,1.00974158349832e-10,3.33355798003014e-10,1.79227272607147e-10,7.20690607190481e-09,1.061710639164e-08,5.96535095276571e-10,7.53430985449418e-08,8.41751508050332e-08,1.91250133218652e-07,2.86406145105294e-07,1.86300049246766e-05,6.63287471432938e-11,0
9.52529424025945e-07,1.10598190007542e-06,1.14854123938005e-05,9.81826036938678e-06,1.13101049970574e-06,1.65895606995701e-07,4.30110128947229e-09,2.83391348346641e-09,7.83353160710230e-09,7.8025900811267e-07,7.16625500840427e-05,6.83983485319465e-09,8.96584745459324e-09,0.0651688268885322,0.569008531346964,0,8.78801459741192e-08,5.39478464438676e-08,5.87916904784559e-07,0.0119908240218808,0.930485135918933,0.00111601755863571,0.00998828574847178,9.51877250107549e-05,0.000103697011641627,0.00313849677748053,0.000129799512816088,0.000306714159818071,0.000114587406728056,0.000105694980211234,7.27855484086049e-09,9.89693944199123e-10,2.8972449432127e-10,9.11260506082328e-11,2.39169035953061e-11,1.83052537381429e-11,1.1339121799774e-08,2.79461181292812e-07,5.41875548360723e-08,1.45143760919065e-08,3.85696927571357e-07,1.27150732210039e-07,1.38455056246549e-10,4.54275673750415e-10,2.45978679085532e-10,9.93155659908689e-09,1.46267157386861e-08,8.16438435192646e-10,1.04793520881267e-07,1.17284835880253e-07,2.66111208478673e-07,4.01577501476902e-07,2.63903985578131e-05,8.99230020254818e-11,0
0.000148861810636128,0.00014681701778258,0.00161492884503041,0.00457235194001489,0.000813286650338473,0.00360845303199582,0.000350458318714516,0.000350963930610126,0.000730095409409658,0.0568269222292558,0.0012215972009566,0.0454484196110883,0.0613544102102242,3.6190790521639e-07,1.49258567905449e-07,5.40325845107432e-08,0,0.73158610610171,0.203659526800353,2.48362077163715e-06,2.837696142321e-08,2.86357308535536e-07,2.09121179605547e-05,4.16211755389607e-05,2.38558763935759e-05,3.65882390876764e-06,2.63469380041071e-05,2.10054459565448e-05,2.53952926006661e-05,1.26122278356757e-05,3.58171624742003e-12,5.44077775203189e-13,1.66985319822964e-13,5.53450188253881e-14,1.61533534257574e-14,1.1881513476872e-14,5.58652267461659e-12,1.19520506290603e-10,2.40860420077936e-11,7.00461778560247e-12,1.50368697479439e-10,5.4898809614496e-11,8.40413771715615e-14,3.37199876596211e-13,1.46929497591193e-13,5.47208646357313e-12,8.10918939963027e-12,5.20577110643558e-13,4.82043573688103e-11,5.21604619303145e-11,1.21492638846131e-10,1.58716285897233e-10,8.66792549243517e-09,1.20378851439735e-13,0
7.44685183875795e-05,7.2981104638064e-05,0.00077715579140068,0.00230929336046251,0.000399058011689005,0.00482137487217159,0.000465769365913311,0.000466263387092214,0.000959369630291549,0.0259017158862199,0.000595344592487603,0.0621558682048109,0.0840347840503859,1.91105848642762e-07,7.89486563694766e-08,2.85270533823484e-08,0.629192126496674,0,0.088593770245606,1.30105531790146e-06,1.50439958783014e-08,1.51699983623649e-07,1.06681708182455e-05,2.07297331254754e-05,1.21631579571701e-05,1.90379508908911e-06,1.31729343018082e-05,1.06316989928549e-05,1.28785292499488e-05,6.54094747564235e-06,1.972584742708e-12,3.01793140933019e-13,9.29702050906233e-14,3.10122950314675e-14,8.69795953694632e-15,6.53483241227961e-15,3.07651812693036e-12,6.5239768222672e-11,1.31791387347573e-11,3.85261994479348e-12,8.1609237237556e-11,2.99836448065002e-11,4.74678148839375e-14,2.02319925957726e-13,8.19243259296347e-14,3.03880211399245e-12,4.50510522201682e-12,2.89209505913088e-13,2.64329868243819e-11,2.85410761362618e-11,6.6588605361275e-11,8.62122943304105e-11,4.65632831532171e-09,0,0
0.00143723375654204,0.00145315599933404,0.0182769759667009,0.0425520315680954,0.00848062742507741,0.000895129986527135,7.96336275761932e-05,7.98912789154976e-05,0.000175096195308423,0.844276959899882,0.0131008798492947,0.00908786742162988,0.012191429975884,2.86114269929713e-06,1.1729980622982e-06,4.27427185729126e-07,0.240816340165675,0.121805409250952,0,2.02010184896841e-05,2.2121783986372e-07,2.23816507887196e-06,0.000187399876698958,0.000408810337208347,0.000214223434798785,3.04915014203344e-05,0.000254915538138757,0.000193898422828649,0.00023270655562157,0.000106368088958927,2.44746045883235e-11,3.62895625452908e-12,1.10255442250676e-12,3.61173959058783e-13,1.01890383147085e-13,7.66357619258246e-14,3.81641730493212e-11,8.41941768290172e-10,1.68269592403744e-10,4.80703719537008e-11,1.08026962229809e-09,3.85936796241035e-10,5.49381595214096e-13,2.02319925957726e-12,9.62610829673207e-13,3.64824453058098e-11,5.3976791941289e-11,3.34326188835529e-12,3.34282194468906e-10,3.64362049895395e-10,8.43883446744049e-10,1.13695800535062e-09,6.45209165110037e-08,3.61136554319204e-13,0
3.69718528124957e-06,4.34323312023954e-06,4.71283604543169e-05,3.70446752562956e-05,4.40407990068648e-06,6.23631746069013e-07,1.57491039324781e-08,1.03231308770111e-08,2.79259131587658e-08,3.02413088642351e-06,0.000301533666461997,2.49449291678137e-08,3.27377750766473e-08,0.00041203364380041,0.00259791840658643,0.000983162053609922,3.31204623218956e-07,2.01738616788811e-07,2.2782592992776e-06,0,0.000468038336335996,0.517262169105675,0.0483898153906255,0.000418953703108265,0.000435680593443455,6.03302752294426e-05,0.000577775677893881,0.00135720716857732,0.000488923130282005,0.00042979413133484,1.47474318328669e-06,1.79798652418655e-07,5.03026649644566e-08,1.50764993634699e-08,3.64174122313017e-09,2.83283499883137e-09,2.29472506634764e-06,6.55471029051491e-05,1.21950075004252e-05,2.99919306950954e-06,0.000100303167933153,2.95187323162409e-05,2.28446990910352e-08,6.67993629936846e-08,4.12837658110721e-08,1.80030125250499e-06,2.63662045232168e-06,1.30137625842253e-07,2.27494338398968e-05,2.63799603619369e-05,5.82246599610095e-05,0.000102812856998826,0.00846315325217914,1.23637506948208e-08,0
4.42501591838297e-07,5.10673460739046e-07,5.18503305476628e-06,4.62950866644456e-06,5.24535453964773e-07,7.83755533576261e-08,2.06063546851216e-09,1.36148607397478e-09,3.80737476988326e-09,3.62747829239168e-07,3.19452788006144e-05,3.28396181573051e-09,4.30194352498026e-09,0.0267077339027638,0.214348211305636,0.835904067000498,4.14617774710028e-08,2.55580315553403e-08,2.73351179592678e-07,0.005128051128237,0,0.000491844450857376,0.00416524630502279,4.15034963789981e-05,4.62595317189024e-05,0.00135596649023362,5.62880008177453e-05,0.000133387116737743,5.07269333453899e-05,4.79355327678e-05,3.47740203827029e-09,4.7885963985642e-10,1.40936061242257e-10,4.45847066739314e-11,1.182052701071e-11,9.02876209107505e-12,5.41811965013631e-09,1.31350021320399e-07,2.55846864267897e-08,6.91888002405675e-09,1.79288046736485e-07,5.98293382282546e-08,6.77638074708696e-11,2.25451837492226e-10,1.20142023975809e-10,4.80658880060878e-09,7.08357403893051e-09,4.01260836884054e-10,4.96770380851398e-08,5.53796360432703e-08,1.26038613472603e-07,1.86977982005814e-07,1.20110285773394e-05,4.50216904384607e-11,0
5.08581762282011e-07,5.87567377382053e-07,5.98957211113097e-06,5.30678594789855e-06,6.03045418477391e-07,8.98104147560214e-08,2.35539221785776e-09,1.55546369502244e-09,4.34080173745699e-09,4.16861955556527e-07,3.69841869400415e-05,3.75226711776558e-09,4.91598253297386e-09,5.21898076975233e-05,0.000305051430619771,0.000113874525000317,4.75224531239751e-08,2.92723967383682e-08,3.14124255987047e-07,0.643709900506978,5.5864553039025e-05,0,0.00487825773405359,4.82362420240996e-05,5.35493721640903e-05,8.00305983256416e-06,6.54809581441812e-05,0.000155095112583837,5.879980411416e-05,5.53285945413953e-05,2.34099385918497e-05,2.64847915095897e-06,7.1910857348202e-07,2.08895475729448e-07,4.78797187487452e-08,3.76238781962741e-08,3.63955534887767e-05,0.00115873457943722,0.000208919538569724,4.82761847854752e-05,0.00192583141660288,0.000517738611478264,3.15977669570125e-07,8.59487146896673e-07,5.77316048906185e-07,2.64799060962526e-05,3.86369031603391e-05,1.76084795840847e-06,0.000379468415977211,0.000451734909594246,0.000976820304098187,0.00194864244380906,0.197182400630115,1.52655792118568e-07,0
0.000173473863917793,0.000212541558484005,0.00272490457776466,0.00157453225214533,0.00020903020934194,2.6175977125114e-05,6.05353804650221e-07,3.90091083900209e-07,9.83966253734742e-07,0.000141161257718072,0.0193323756649441,9.46270121820772e-07,1.24678995094228e-06,0.00160434999830917,0.0107569738710455,0.00411832463066514,1.40237017633817e-05,8.31834211200547e-06,0.00010628028895611,0.2433366391413,0.00191171570689809,0.0197123685294408,0,0.0330403957778685,0.0277581922749774,0.00310589057932472,0.0482961239557737,0.0922040117866593,0.0333089712285892,0.0205257295270344,9.26564606253187e-08,1.20107028516937e-08,3.44616585620988e-09,1.06086381731413e-09,2.68247557250721e-10,2.0681199988113e-10,1.44272631257402e-07,3.78828474838131e-06,7.21745800528575e-07,1.86351359799763e-07,5.45980187318068e-06,1.71613272161052e-06,1.60989584293753e-09,5.0153760845414e-09,2.88199716176074e-09,1.20409786510427e-07,1.76896335371407e-07,9.34748259871572e-09,1.37440966716664e-06,1.56177946041028e-06,3.50193726474622e-06,5.64776918662286e-06,0.000406660184424795,9.63271569220756e-10,0
0.00253951490341919,0.00324638102082134,0.0503170359522915,0.0209829641891558,0.00309521960403574,0.000344868786233757,7.3801942897191e-06,4.68709759543241e-06,1.11518599683693e-05,0.00205594974618644,0.412707637628918,1.14072659259618e-05,1.50806278938348e-05,0.00174820442527454,0.000698113520279464,0.00026187474136272,0.000186235313560397,0.000107850850182559,0.0015469929683701,0.014057322835724,0.000127101404673587,0.00130056055709314,0.220459229908618,0,0.255410789954036,0.0238700822194488,0.57798892315441,0.28033367446186,0.318631236446207,0.0884677649937543,8.35066834159369e-09,1.13273964239375e-09,3.31261866971395e-10,1.04076307901142e-10,2.72643754513823e-11,2.08746310275165e-11,1.30090079225048e-08,3.21629189543592e-07,6.23097167374461e-08,1.66594244536283e-08,4.44838812020198e-07,1.46305128286728e-07,1.58121516665594e-10,5.17399490649226e-10,2.81028042874558e-10,1.13664542880719e-08,1.67378643595385e-08,9.31671070728657e-10,1.20408635845363e-07,1.34862991924194e-07,3.05815290569353e-07,4.63007630152691e-07,3.05614568151106e-05,1.02322023723774e-10,0
0.000185996411951652,0.000228095735413185,0.00293565500382835,0.00168461939794973,0.000224175886887788,2.79987524362551e-05,6.46331858259749e-07,4.16353205508794e-07,1.04873517176731e-06,0.000151334158122836,0.0208816645421902,1.01005510105531e-06,1.330938507482e-06,0.0254614752106761,0.000544422668818981,4.00971811684917e-05,1.5002996429159e-05,8.89428714950318e-06,0.000113937946235875,0.00205465892320066,1.99114017677614e-05,0.000202930083583728,0.0260320975198737,0.03589832441673,0,0.421153458212245,0.0458656772655144,0.0300337275155192,0.0294115525226154,0.0102729518143987,1.5575352292186e-09,2.17336755503675e-10,6.43263556892074e-11,2.04733629553123e-11,5.48592733651686e-12,4.18169866818511e-12,2.42713197148551e-09,5.78425135136324e-08,1.13197405942902e-08,3.09176678542571e-09,7.80587143440882e-08,2.63775276405619e-08,3.11279923112667e-11,1.05138921522698e-10,5.5069175697179e-11,2.18212343020702e-09,3.21806235953777e-09,1.85140357305322e-10,2.20707108982607e-08,2.45038953403276e-08,5.5946019929956e-08,8.15447310710645e-08,5.1179399924649e-06,2.11866778533933e-11,0
1.09303420633439e-05,1.29736351499219e-05,0.00014646227892173,0.000106841124100839,1.30571630770273e-05,1.79290351324553e-06,4.42660317113584e-08,2.88871981077421e-08,7.67271287435658e-08,8.92909277777101e-06,0.000959152546164458,6.98735016906939e-08,9.17960271429402e-08,0.533451953300644,0.00900665113870611,0.000503307394523341,9.54307112259283e-07,5.77363099881679e-07,6.72580451640441e-06,0.000117996969032691,0.000242054735006832,1.25780158268779e-05,0.00120800339946434,0.00139140280583617,0.174664398789016,0,0.0017182673934061,0.00129028152993416,0.00130587615712443,0.000551982076219953,1.21427809784461e-10,1.76123926683938e-11,5.29975300184073e-12,1.71760403251204e-12,4.74660077587642e-13,3.60009858349222e-13,1.8930101163533e-10,4.29385271007693e-09,8.51717956645906e-10,2.3941074952814e-10,5.60940960956455e-09,1.96461091333875e-09,2.61384246221551e-12,9.23927661873617e-12,4.5948861064882e-12,1.76973779941276e-10,2.61521358138076e-10,1.5756133882145e-11,1.68066087961489e-09,1.84406801488817e-09,4.24905126750189e-09,5.88814230483087e-09,3.46233251446571e-07,1.92606162303575e-12,0
0.0017204970538924,0.00218362945494468,0.0327033939110443,0.0144371781477484,0.00209295305019166,0.000237722173765705,5.15034482428101e-06,3.27840569837962e-06,7.87122079451644e-06,0.00139407968547331,0.260385362654864,7.974745532091e-06,1.05372228289088e-05,0.00231078770058941,0.00103273200703807,0.000388356098029253,0.000128210101574488,7.4534405225417e-05,0.00104907655521232,0.0210833803453322,0.000187467458721478,0.0019200676970406,0.350461023552337,0.628584862075158,0.354892871058515,0.0320579827839144,0,0.460534762019184,0.423923550739269,0.113468439650612,1.18380522376834e-08,1.59586034488976e-09,4.65476994746615e-10,1.45833170380435e-10,3.8015053439048e-11,2.91346591966379e-11,1.84405548179483e-08,4.59639799384737e-07,8.88469223661648e-08,2.36427002531723e-08,6.39220899894323e-07,2.08968457879902e-07,2.21526844937038e-10,7.19989176508229e-10,3.94110327111561e-10,1.60115941114214e-08,2.3570550965782e-08,1.30261118301278e-09,1.71350301158257e-07,1.92293995121085e-07,4.35385832390918e-07,6.64782983228899e-07,4.4383404666408e-05,1.41806286996007e-10,0
0.000450197356294738,0.000559019785679113,0.00758639755870235,0.00396420781523987,0.000544443318865673,6.56569851964317e-05,1.47985921241544e-06,9.48985841200399e-07,2.34698789772928e-06,0.000365745032012918,0.0559818794225114,2.30455968829037e-06,3.03987255371948e-06,0.000640834653489406,0.000843061412268417,0.000316619879510655,3.52672249241307e-05,2.0755070994172e-05,0.000275316624573518,0.017087338356243,0.000153274970001443,0.00156908660387026,0.230847168355597,0.105188184293533,0.0801799881250325,0.00830571853591724,0.158894806974114,0,0.098910165590306,0.347901864965724,9.88120513754979e-09,1.33636765700093e-09,3.90320061476025e-10,1.2246564463034e-10,3.20060059646662e-11,2.45163149081777e-11,1.53928434073916e-08,3.82053010151854e-07,7.39360814896967e-08,1.97232272785558e-08,5.29802119296827e-07,1.73744972871091e-07,1.86045820552645e-10,6.06824897922541e-10,3.30815770994686e-10,1.34089385938304e-08,1.97425067448191e-08,1.09513228347073e-09,1.42740210041795e-07,1.60024650139832e-07,3.62608478183557e-07,5.51224430460567e-07,3.65834396987688e-05,1.19776957182536e-10,0
0.000358494129179997,0.000443664874917724,0.00593478581315023,0.00318050874125104,0.000433151125647265,5.27256569214984e-05,1.19592034681119e-06,7.67819769854105e-07,1.90808759781353e-06,0.000291362239305122,0.0433488222070457,1.86410523127392e-06,2.4582058172696e-06,0.000438312123687844,0.000210771046645451,7.85203880632126e-05,2.8303086310352e-05,1.66889499797706e-05,0.000219335016280203,0.00408610997600631,3.86934234575825e-05,0.000394880669941447,0.05535758644168,0.0793635765434962,0.0521213786364629,0.00558002204894565,0.0970903404772255,0.0656571643632339,0,0.400636517543892,2.85064433910843e-09,3.93857582674017e-10,1.16082327289147e-10,3.67781963461642e-11,9.77650651952766e-12,7.46396676617101e-12,4.44173100065453e-09,1.07216681217798e-07,2.09086849990891e-08,5.66851433192544e-09,1.45926367685081e-07,4.88509819881175e-08,5.59030790370831e-11,1.86741291658981e-10,9.90607577577856e-11,3.95364414303722e-09,5.82758824557573e-09,3.31399388635689e-10,4.06403123932822e-08,4.52588942324332e-08,1.03087364793355e-07,1.52250549536286e-07,9.7227889164428e-06,3.73174439463177e-11,0
1.80390826888904e-05,2.15212345017924e-05,0.000247848612010464,0.000174194837342122,2.15793743033083e-05,2.9186228003154e-06,7.12731120770332e-08,4.6412269400925e-08,1.221943487704e-07,1.47269647463443e-05,0.00164265978281349,1.12318287084175e-07,1.47630632484637e-07,2.29911700099312e-05,2.17461575275603e-05,8.01321690447229e-06,1.55517538071954e-06,9.37800362623605e-07,1.10922002174911e-05,0.000397408305327124,4.04541515377692e-06,4.11099193003369e-05,0.0037741705332794,0.00243795075140117,0.00201418884302958,0.000260955159798796,0.00287521650624188,0.0255508257650519,0.044325895932108,0,3.61668835177359e-10,5.1626286159783e-11,1.54294435516419e-11,4.96244431726605e-12,1.35439655646736e-12,1.02893906709712e-12,5.6373217226585e-10,1.30490561193421e-08,2.57411050912103e-09,7.15071165636238e-10,1.72746331169037e-08,5.96235628021666e-09,7.54971704924527e-12,2.61667104238659e-11,1.33064695909405e-11,5.18586718696923e-10,7.65689560661154e-10,4.52439351050434e-11,5.05447289986787e-09,5.57281437258327e-09,1.27925225077749e-08,1.80975408517365e-08,1.09267972401276e-06,5.29666946334832e-12,0
5.3262282901415e-11,5.82787062083715e-11,4.8923056280829e-10,6.36985048021407e-10,6.22107705099148e-11,1.09791147112623e-11,3.29067885716545e-13,2.23321313407765e-13,6.98229716939624e-13,4.39562541588419e-11,2.72317758636653e-09,5.35223991589357e-13,6.96808441063026e-13,4.2203478052955e-09,1.99103439563704e-08,7.16729081564681e-09,5.73635569859705e-12,3.6733535962293e-12,3.31496813949649e-11,1.77112896910245e-05,3.81169176505395e-09,0.000225919954287491,2.21287027758542e-07,2.98894854883074e-09,3.96643320084738e-09,7.45618037404071e-10,3.89612653852141e-09,9.42573944219509e-09,4.09644716086703e-09,4.69751762890904e-09,0,0.208883203854804,3.23076172668821e-06,9.19571965754481e-07,2.0380912785509e-07,1.61185797602291e-07,0.747298142325042,0.0342484034997625,0.389207854579668,0.000235097166086118,0.00669165853510986,0.00268388501442084,1.38938562008267e-06,1.39055132534508e-06,2.55663845025959e-06,0.000121231082851339,6.42305985480218e-05,2.87854766451891e-06,0.00135840144678524,0.00230026103271249,0.000885584099564521,0.00240841880616347,0.00264849420265681,2.44915949544752e-07,0
5.8072752653051e-12,6.29306376588386e-12,5.10867269954918e-11,7.11958361041115e-11,6.76455949555463e-12,1.23169670999195e-12,3.78540506348189e-14,2.58923261922047e-14,8.21446725811322e-14,4.79823515285539e-12,2.79525386686668e-10,6.18907221544696e-14,8.04793374911974e-14,4.39960824966802e-10,2.00476109863624e-09,7.17600247487697e-10,6.41619687095945e-13,4.13816906516907e-13,3.6192385294864e-12,1.58998131469906e-06,3.86494130702937e-10,1.88201324065398e-05,2.11212915039279e-08,2.98537645000189e-10,4.07537188064714e-10,7.96321428465985e-11,3.86740347948825e-10,9.38649104209921e-10,4.1674973423294e-10,4.9374193474415e-10,0.153806722964599,0,0.232768225759545,0.117281660397528,0.0101208775806636,0.0133284757588999,6.13914073641503e-07,4.26267631900605e-05,7.74806185672808e-05,0.363141914634472,0.000579660778319369,0.0076407068437482,0.000403015019350171,3.79462013849693e-07,0.000112684601592536,6.83649952998928e-05,1.63227930692387e-05,7.64359796928443e-07,0.000519889468418837,0.00104899944330091,0.000101145649057725,0.000232400372544698,0.000197311641235927,6.83323327466567e-08,0
2.07578220604598e-12,2.24000165156885e-12,1.79246180742596e-11,2.57380630520259e-11,2.41523304986029e-12,4.44981337966394e-13,1.38673254800822e-14,9.30505472532355e-15,3.08042522179246e-14,1.71593896181923e-12,9.73603722494117e-11,2.26642081129043e-14,2.95430479398067e-14,1.54257258569624e-10,6.92581505154103e-10,2.47315503075637e-10,2.31835238501464e-13,1.50081483701554e-13,1.29455340081044e-12,5.2369815374101e-07,1.33918710629904e-10,6.0159614316612e-06,7.13465017753197e-09,1.0278385652818e-10,1.42006254771443e-10,2.82104577485099e-11,1.32802815624712e-10,3.22762185852361e-10,1.44606124722995e-10,1.73725613801605e-10,2.80066516135743e-06,0.274036339019459,0,0.531276658834811,0.038075272488399,0.306400095913891,1.99952727230659e-07,1.32642475969363e-05,2.3531237190454e-05,0.0176991859031552,0.000168650521425591,0.00211634098115911,0.00140499639754952,1.29663940627368e-07,0.000381628168067511,0.0002226312723178,5.28282493409377e-06,2.55751193657029e-07,0.000156205250094219,0.000308021388535403,3.15862206185935e-05,6.92310337837396e-05,6.04330495642482e-05,2.37555625431172e-08,0
6.42778285778943e-13,6.90180457460988e-13,5.43687380865405e-12,8.06715409093349e-12,7.46646597254106e-13,1.39601988381614e-13,4.49751096651314e-15,2.83197317727238e-15,1.02680840726415e-14,5.31670030697331e-13,2.92984212046117e-11,6.97360249627826e-15,9.16853211925034e-15,4.67526052473052e-11,2.06586590886211e-10,7.358083202863e-11,7.26834801788375e-14,4.73558079640827e-14,4.01136686211011e-13,1.48472691317413e-07,4.00738493607766e-11,1.65308669021599e-06,2.07755325100248e-09,3.05464931721124e-11,4.27527179755943e-11,8.64835628839612e-12,3.93569465372534e-11,9.57926230888688e-11,4.33378165174588e-11,5.28524660451181e-11,7.54046278479743e-07,0.130608242299387,0.502547080509852,0,0.056312717186904,0.403679788111276,5.60252119279026e-08,3.54562912087837e-06,6.13806176723587e-06,0.00393629712708395,4.21801668396396e-05,0.000505450929910139,0.00202547300518267,3.82244384911439e-08,0.000545050959030173,0.000314056035344651,1.47045953049464e-06,7.37228810242751e-08,4.03129891728602e-05,7.77240524717604e-05,8.47394411170254e-06,1.77167015910695e-05,1.5897741500769e-05,7.13413225172443e-09,0
6.91159447074132e-14,7.40360443045159e-14,5.66670748187142e-13,8.96350454548166e-13,8.06789054007384e-14,1.59960611687266e-14,3.74792580542762e-16,4.04567596753198e-16,0,5.76844608468999e-14,3.01203538722989e-12,8.71700312034783e-16,1.01872579102782e-15,4.86867738021786e-12,2.09136456613702e-11,7.41529283429969e-12,8.14556243383524e-15,5.09985624228583e-15,4.34520584799246e-14,1.37707107685393e-08,4.07955877630173e-12,1.45485393496047e-07,2.01710966414776e-10,3.07260153289427e-12,4.39871477854743e-12,9.17686695046477e-13,3.93932572470124e-12,9.61281273457358e-12,4.42345385430843e-12,5.53881242084211e-12,6.41707501092553e-08,0.00432772701160899,0.0138293015231173,0.0216225888630548,0,0.260695767864114,5.09400587622261e-09,2.98221144162509e-07,4.96355953565786e-07,0.000170210968963739,3.19438169277071e-06,2.44063123598301e-05,0.180519222876902,1.19528589056565e-08,0.0409435157771564,0.0192885386088945,4.36999204816516e-07,2.25961816329745e-08,1.12291581552015e-05,6.37816552342103e-05,2.43923460153325e-06,2.69901697807336e-06,1.30306106723291e-06,2.26841907653036e-09,0
1.09817556590668e-13,1.16812425458236e-13,9.01443448846577e-13,1.40855071428997e-12,1.26885914857525e-13,2.47211854425775e-14,7.49585161085524e-16,4.04567596753198e-16,0,9.10441490475168e-14,4.80276643438538e-12,8.71700312034783e-16,2.03745158205563e-15,7.74199517837922e-12,3.34493729813389e-11,1.18707095855817e-11,1.25316345135927e-14,8.0140598093063e-15,6.83575066330521e-14,2.24050608402315e-08,6.51751648084028e-12,2.39116164477849e-07,3.25272271297178e-10,4.92047546544703e-12,7.01303586097291e-12,1.45580664188001e-12,6.31471570212454e-12,1.54011008591654e-11,7.06358340436339e-12,8.80112212192525e-12,1.0614947038292e-07,0.011920644772595,0.232768225759545,0.324202072055139,0.545269937862248,0,8.31996816405121e-09,4.94412070104039e-07,8.29042092866138e-07,0.000439421108452949,5.40114013059859e-06,6.11920840476434e-05,0.0161945604161618,6.08794145201862e-09,0.00409191355519295,0.00217650342899089,2.1642292722799e-07,1.13819673573922e-08,5.37067389543417e-06,1.00635022372825e-05,1.1872971332882e-06,2.3350142696303e-06,2.17090781648913e-06,1.16610993389671e-09,0
5.20788643370358e-11,5.69777283853982e-11,4.78137647451701e-10,6.23027590943443e-10,6.08260271154003e-11,1.07377196063525e-11,3.21946826686232e-13,2.18466502246727e-13,6.87961632866983e-13,4.29797882854697e-11,2.66094195270358e-09,5.2302018722087e-13,6.81527554197609e-13,4.12458118727456e-09,1.94512702248182e-08,7.00160555900545e-09,5.61041277173544e-12,3.59248444724449e-12,3.24136459165672e-11,1.72811564264228e-05,3.72408696052338e-09,0.000220247505290463,2.16059095709277e-07,2.91977734549492e-09,3.87582366165486e-09,7.28885870307216e-10,3.80570514553866e-09,9.20730900390476e-09,4.00244089554865e-09,4.59132995628671e-09,0.468599968669796,5.22810309484404e-07,1.44637006529778e-07,4.2842971258987e-08,1.01450527333302e-08,7.92207515239067e-09,0,0.445449345172148,0.00395877933979075,9.01185237074439e-06,0.000207358066514452,9.15008153482967e-05,6.48751823880609e-08,7.26683268458417e-08,1.17725047097661e-07,5.23195918237631e-06,2.87963624605309e-06,1.41790247023659e-07,5.0443637110026e-05,8.10699868848344e-05,3.47570777988595e-05,8.10528188367212e-05,0.00291944268384798,1.34328352744571e-08,0
6.33726400887095e-10,7.01839077882163e-10,6.14539941382545e-09,7.34936945193781e-09,7.42686729888119e-10,1.26136213252304e-10,3.66434705996658e-12,2.47028974577503e-12,7.52650562524624e-12,5.22204219170406e-10,3.49623798303757e-08,5.93104892308466e-12,7.73416620548318e-12,5.31265100632815e-08,2.62031365217821e-07,9.50185399251012e-08,6.60943467515905e-11,4.19485032454762e-11,3.93751955882033e-10,0.000271809282797935,4.97130045066214e-08,0.00386113759920304,3.12391967744851e-06,3.97493155125413e-08,5.08611782815768e-08,9.1037931444702e-09,5.22332948882277e-08,1.25836356416814e-07,5.31990253432343e-08,5.852122713572e-08,0.0118254404595253,1.9988838150966e-05,5.28327667677221e-06,1.49299386064791e-06,3.27040803398411e-07,2.59223875896621e-07,0.245282727343801,0,0.158213275781023,0.000395837427320126,0.0117780953912715,0.00462707535576441,2.25487656369802e-06,2.21250981197598e-06,4.15964687992748e-06,0.000199585342320114,0.000105009231311958,4.62756495280575e-06,0.00230149459745934,0.00393852371628717,0.00148427112157027,0.00416349248348433,0.0617887373506124,3.86461495948541e-07,0
3.31550722671344e-10,3.65974562894726e-10,3.16764509831845e-09,3.87741999127796e-09,3.88199755338355e-10,6.66235947677463e-11,1.9519197594667e-12,1.31808123022192e-12,4.04562512462076e-12,2.73319400395175e-10,1.79130098918086e-08,3.16340043237423e-12,4.12278327628957e-12,2.73679635974883e-08,1.33334339001976e-07,4.82518128388446e-08,3.48830578320366e-11,2.21931172646444e-11,2.06097882498652e-10,0.000132440274824686,2.53598791951199e-08,0.00182321374948866,1.55872222176903e-06,2.0167738109746e-08,2.60677143325086e-08,4.72931519917036e-09,2.64423106030205e-08,6.3777304033606e-08,2.7170351295718e-08,3.02335212140188e-08,0.351953921505824,9.51536588856555e-05,2.45466773502032e-05,6.7689793425102e-06,1.42555494987703e-06,1.13838649465166e-06,0.00570896203453908,0.414352669091718,0,0.363141914634472,0.072032086381285,0.0260218716698518,1.02095260485347e-05,9.37731060214038e-06,1.89941069448831e-05,0.000948941026024872,0.000487451088612493,2.02956473928707e-05,0.0121196711666396,0.0215726466232976,0.00751518946162714,0.0236649989596486,0.0241835408190014,1.59386968202983e-06,0
7.66012015192261e-11,8.39568742413211e-11,7.08924029413293e-10,9.12228662600162e-10,8.95125120975247e-11,1.57124946298264e-11,4.68865518258995e-13,3.1758556345126e-13,9.85736070973587e-13,6.32040992570937e-11,3.95795299060969e-09,7.618660727184e-13,9.92238920461092e-13,6.11733882043606e-09,2.90368058647648e-08,1.04630891412093e-08,8.21260667848296e-12,5.25212337866265e-12,4.76642586367163e-11,2.63687715858018e-05,5.55201146929329e-09,0.000341066404733436,3.2581006785427e-07,4.36524760239452e-09,5.76395628844198e-09,1.07620145652801e-09,5.69641423235988e-09,1.37732103202275e-08,5.96328074176149e-09,6.79920729829937e-09,0.000172107215913509,0.361040785382958,0.0149468169695666,0.00351420652201454,0.000395754392584789,0.000488474100078641,1.05210092229518e-05,0.00083925037951882,0.293984106413647,0,0.0143169061270567,0.22960778178139,1.81319712122483e-05,5.66666483259167e-06,2.16779635463939e-05,0.00108715585469963,0.000285018583448127,1.2114400044441e-05,0.011471184801806,0.0250631411195565,0.00196920880229892,0.00527953282399825,0.00408618671828847,9.7262717279695e-07,0
2.73476510903904e-09,3.05264595253666e-09,2.74817982448429e-08,3.10885709903213e-08,3.21199078214798e-09,5.32142421087407e-10,1.51577363348909e-11,1.01773024639234e-11,3.04654054435274e-11,2.25126604833555e-09,1.58643054214373e-07,2.44581673550719e-11,3.19207539360656e-11,2.3791477357939e-07,1.20895069586957e-06,4.40573387707465e-07,2.79360209230813e-10,1.76290373481553e-10,1.69729781318521e-09,0.0013973675453688,2.27969327810168e-07,0.0215593070361945,1.51258345430923e-05,1.84697956072921e-07,2.30592869373171e-07,3.99555958357642e-08,2.44042789748239e-07,5.86248061042642e-07,2.43254177437164e-07,2.60272555950042e-07,0.00776239940039154,0.000913196692709051,0.000225680295550267,5.96703009864469e-05,1.17688908818099e-05,9.51385656082404e-06,0.000383596640899856,0.0395694748432564,0.0924025582233638,0.0226860928634539,0,0.354186482483086,8.9795086359947e-05,0.000110568983048119,0.00016948490080665,0.009087264036202,0.00691428354860855,0.000256027564377894,0.159625015796521,0.275094652903543,0.139634020709974,0.626848195741237,0.353855349247596,1.78318968225738e-05,0
5.41539553836347e-10,5.99257614073326e-10,5.2322640370099e-09,6.2932125163502e-09,6.34507319414647e-10,1.08040305508337e-10,3.14525933591486e-12,2.12114790977702e-12,6.46889296576416e-12,4.46286603741356e-10,2.97231851855884e-08,5.0924732229072e-12,6.63903598012827e-12,4.52259795753887e-08,2.22388792620357e-07,8.06027529781711e-08,5.6601633607544e-11,3.59445153465223e-11,3.36512347285167e-10,0.000228219439215415,4.22180539606779e-08,0.00321651820394396,2.63847062278525e-06,3.37114858810424e-08,4.32431672010669e-08,7.76597410557583e-09,4.42746035610376e-08,1.0669373149132e-07,4.51917086285677e-08,4.98535853116578e-08,0.0017277664931513,0.00668009871175856,0.00157163077374325,0.000396814801949974,4.99010658376323e-05,5.98170963123808e-05,9.39372308144315e-05,0.00862681967453555,0.0185248824301286,0.201909177508865,0.19655808439499,0,0.000103586389629126,4.45812196934162e-05,0.000195723382803197,0.0105499772043235,0.00259121314951106,0.000100541271474021,0.134586422529654,0.327287874768685,0.0199994104091445,0.0643058335481289,0.044435307757178,7.3372856478546e-06,0
5.99772809072108e-13,6.44113585449289e-13,5.07044736856947e-12,7.55495383119168e-12,6.96772364824558e-13,1.30876864107763e-13,4.12271838597038e-15,2.83197317727238e-15,1.02680840726415e-14,4.96225361984175e-13,2.73112250605561e-11,6.97360249627826e-15,9.16853211925034e-15,4.35999371076559e-11,1.92478520534747e-10,6.85459992121575e-11,6.76708263734004e-14,4.44416043970622e-14,3.74111625449107e-13,1.37937596522918e-07,3.73442801805852e-11,1.53311287931865e-06,1.93304271655029e-09,2.84545419233699e-11,3.98544481475548e-11,8.06939688131182e-12,3.66557902630565e-11,8.92254724680794e-11,4.03890346839753e-11,4.93005120247799e-11,6.98531866362464e-07,0.00027517745885045,0.000814858826803911,0.00124187420001844,0.288252706157302,0.0123635027088713,5.20156060054846e-08,3.28328968154432e-06,5.67629283827633e-06,1.24525059797016e-05,3.89182929174692e-05,8.08993398834535e-05,0,1.14191794049652e-07,0.864086139071343,0.312027248289735,4.62379846053871e-06,2.24692996385403e-07,0.000135591931857757,0.00083485413191925,2.75352605579309e-05,3.24319631103882e-05,1.47085474430917e-05,2.09624120531611e-08,0
2.53425130593848e-14,2.67352382210752e-14,2.01276495257728e-13,3.20125162338631e-13,2.93377837820867e-14,5.81674951590058e-15,0,0,0,2.08498051253855e-14,1.06284396683689e-12,0,0,1.72665115833956e-12,7.33216189120879e-12,2.59504429197022e-12,3.13290862839817e-15,2.18565267526535e-15,1.58970945658261e-14,4.65394810024381e-09,1.43361347515785e-12,4.81181729890677e-08,6.94862987666135e-11,1.07433228330894e-12,1.55324945407824e-12,3.29118003197297e-13,1.37465651555568e-12,3.3580281460398e-12,1.5567544131393e-12,1.97161396264838e-12,8.06682153471472e-09,2.98959207700986e-09,8.67717551499624e-10,2.70423395776546e-10,2.20228607778536e-10,5.36283992292096e-11,6.72283161881719e-10,3.71726597717656e-08,6.01574632687156e-08,4.4904644912395e-08,5.52950846856272e-07,4.017410680324e-07,1.31761004922654e-09,0,2.35720239660075e-09,9.81920838454625e-08,0.0384007673388734,0.0464013627714658,2.824494182542e-05,1.11038820221142e-06,4.86332204406529e-05,1.68094677140855e-06,3.96893568298624e-07,0.804786761657315,0
9.18474109667402e-13,9.87969880108041e-13,7.81812957562625e-12,1.1460480811723e-11,1.0671618850734e-12,1.99223670919595e-13,6.37147386922695e-15,4.45024356428518e-15,1.02680840726415e-14,7.59627900068212e-13,4.22296894677939e-11,1.04604037444174e-14,1.32434352833616e-14,6.72436179153040e-11,2.98552341461379e-10,1.06418004723163e-10,1.0338598473714e-13,6.70266820414708e-14,5.72825307521933e-13,2.17831596223837e-07,5.78582898119496e-11,2.44779885155247e-06,3.02399853679419e-09,4.41931177817717e-11,6.16138888640839e-11,1.23959773467011e-11,5.69873412618160e-11,1.38643495477892e-10,6.25422852781758e-11,7.59325449583886e-11,1.12325172733909e-06,6.7235796413892e-05,0.000193415797088701,0.00029203345667852,0.0571319997936764,0.00272987757058023,8.24837313873334e-08,5.29282151413847e-06,9.22831574799839e-06,1.30099184828066e-05,6.41913603142336e-05,0.000133576281783702,0.755094651821364,1.78520965627344e-07,0,0.5531020743345,7.38899120891092e-06,3.54280962209098e-07,0.000223183098381438,0.00140047179298048,4.46358509289132e-05,5.33228533079713e-05,2.3842817461508e-05,3.25422556674063e-08,0
5.53234739635783e-12,5.99362909780781e-12,4.86249606304165e-11,6.78665344157897e-11,6.44404420773534e-12,1.17352921483294e-12,3.59800877321051e-14,2.46786234019451e-14,8.21446725811322e-14,4.57166727049287e-12,2.65960921078395e-10,5.92756212183652e-14,7.64044343270862e-14,4.18743501410934e-10,1.90672106059506e-09,6.82428074280452e-10,6.11543764263322e-13,3.94874583331274e-13,3.44807981132768e-12,1.50872007053131e-06,3.67645737206036e-10,1.78320163103295e-05,2.00665046626166e-08,2.83891185601319e-10,3.8776738119026e-10,7.58292684008954e-11,3.67719845342851e-10,8.92543952488438e-10,3.96452895004643e-10,4.70011426482377e-10,8.4594802215755e-06,6.47875689853724e-06,1.79208912166809e-05,2.67254213392103e-05,0.00427479737799899,0.000230620543701683,5.82218082485388e-07,4.03349333838557e-05,7.32258979048022e-05,0.000103626258709423,0.000546639019359757,0.00114356294463961,0.0433070690944899,1.18111108679315e-06,0.0878470543061813,0,5.40503187405832e-05,2.43631596297968e-06,0.00188118050889432,0.0130047608616624,0.000349274855095495,0.000446959738204257,0.000186555634149095,2.0862569833777e-07,0
4.88880115563769e-12,5.29398847913014e-12,4.28725816146662e-11,6.00554804547271e-11,5.69373038750847e-12,1.03828978858825e-12,3.18573693461348e-14,2.18466502246727e-14,7.18765885084907e-14,4.03999723979553e-12,2.34288170866655e-10,5.2302018722087e-14,6.82546279988636e-14,3.69176108913208e-10,1.67796888299221e-09,6.00379446299104e-10,5.41366610987203e-13,3.49704428042457e-13,3.04747302826886e-12,1.3199288837935e-06,3.23656574944215e-10,1.55426745461757e-05,1.76103590950634e-08,2.49727503011825e-10,3.41606281955909e-10,6.69382776721859e-11,3.23363995667398e-10,7.85013158775277e-10,3.49077861643286e-10,4.14552161563963e-10,2.67738666450801e-06,9.2404219427397e-07,2.54026536024343e-07,7.47497811114443e-08,5.78543859101405e-08,1.36987624475273e-08,1.91424889761325e-07,1.26770911196621e-05,2.24696319655131e-05,1.62289573483589e-05,0.000248458637373427,0.000167784224039859,3.83358060824315e-07,0.275926621797931,7.01045970998127e-07,3.22877432568383e-05,0,0.931534902964548,0.0160294987229983,0.000485323061591067,0.0268449084759721,0.000814426421969261,0.000152697624826241,0.0345409684021548,0
2.4497762624072e-13,2.62005334566537e-13,2.03960181861164e-12,3.07320155845085e-12,2.84576502686241e-13,5.38049330220804e-14,1.87396290271381e-15,1.21370279025959e-15,0,2.02938103220419e-13,1.09228152397898e-11,2.61510093610435e-15,4.07490316411126e-15,1.75272385687843e-11,7.64900384547993e-11,2.71890218090555e-11,2.81961776555835e-14,1.82137722938779e-14,1.53142010984125e-13,5.28563223132387e-08,1.48747583007255e-11,5.74693716401434e-07,7.54979549394888e-10,1.1277688317071e-11,1.59449674554639e-11,3.2719614624432e-12,1.4498660388543e-11,3.53290834044236e-11,1.61055773467684e-11,1.98736654843243e-11,9.73494940281185e-08,3.51064011326712e-08,9.97749877537949e-09,3.04053701043347e-09,2.42706744609867e-09,5.84502738435285e-10,7.64712659946749e-09,4.53247901990415e-07,7.59030050397214e-07,5.59642256732556e-07,7.46422607725852e-06,5.28181888027888e-06,1.51142425004125e-08,0.270505178435185,2.72709526963025e-08,1.18076695166931e-06,0.755771095800372,0,0.000413404145351363,1.48409785716503e-05,0.000705209952231963,2.33048205234064e-05,5.06313575761794e-06,0.160256349451233,0
1.82577447494044e-10,2.00940816535529e-10,1.72139021679449e-09,2.15136914098053e-09,2.13598135493049e-10,3.70032520454015e-11,1.09214557970161e-12,7.38740431671339e-13,2.27951466412642e-12,1.50566867712972e-10,9.68253752453775e-09,1.77216673436671e-12,2.30945136826006e-12,1.48647877107752e-08,7.16356132795253e-08,2.58774334134878e-08,1.93601221600493e-11,1.2343837759007e-11,1.13541288614347e-10,6.85143089634751e-05,1.36551181765511e-08,0.000918347083577566,8.23139323996372e-07,1.08076616416436e-08,1.4094688683557e-08,2.58794614734561e-09,1.41421217953396e-08,3.41451280676427e-08,1.46452995416312e-08,1.64630426473447e-08,0.00034064736597196,0.000177058230878964,4.51872868971578e-05,1.23284825142848e-05,8.94356387257883e-06,2.04510035300605e-06,2.01732067657643e-05,0.00167151341021811,0.00336096139413177,0.00392946559678937,0.0345076702711114,0.0524272414211746,6.76312360487216e-05,0.00122096203094193,0.000127388558476124,0.00676048222095766,0.0964334521684328,0.00306543035291266,0,0.166265646833104,0.205406460269394,0.0790349893117828,0.0109503559808421,0.000185370300051319,0
3.28480438816452e-10,3.62568904856718e-10,3.13765386833789e-09,3.84201414832331e-09,3.84600009268293e-10,6.60157444433347e-11,1.93430450818119e-12,1.30594420231932e-12,4.0045527883302e-12,2.70789624039961e-10,1.77419029636615e-08,3.13463432207708e-12,4.08610914781257e-12,2.71086174009304e-08,1.320479873678e-07,4.7784936016316e-08,3.45641277336656e-11,2.19905801167365e-11,2.04190761053905e-10,0.00013108325113645,2.51161022936439e-08,0.00180375375059931,1.54326047100999e-06,1.99723547082512e-08,2.58188367440677e-08,4.68505243122211e-09,2.61853148591095e-08,6.31584811731029e-08,2.69096182631561e-08,2.99482317225111e-08,0.000951735784681213,0.000589444249472929,0.000147015759218446,3.92177284151289e-05,8.38149666918938e-05,6.32262413611441e-06,5.34922698299999e-05,0.00471949735639244,0.00987048501530981,0.0141652123908261,0.0981203778751692,0.210352680477256,0.000687047010234874,7.91951689385975e-05,0.00131888176458183,0.0771102217406497,0.00481727099563873,0.000181568932808844,0.274324693722115,0,0.0385993961716534,0.0637051926881351,0.0239078767843123,1.28696067043409e-05,0
2.08456761057323e-10,2.295713774908e-10,1.97110897555617e-09,2.45222276854638e-09,2.43918001587241e-10,4.21685256155213e-11,1.24243740449926e-12,8.40286898456392e-13,2.58755718630567e-12,1.71894828369233e-10,1.11001613840962e-08,2.01537112142442e-12,2.62627508926971e-12,1.70231389054119e-08,8.22328938098824e-08,2.97172252185054e-08,2.20663286332597e-11,1.40624893126573e-11,1.29622789477137e-10,7.93005082115728e-05,1.56675722829121e-08,0.00106906525685346,9.48470507547687e-07,1.24134248798245e-08,1.61572216335889e-08,2.95886694159135e-09,1.62503348663675e-08,3.92264213948776e-08,1.67998335942119e-08,1.88429433075984e-08,0.000100430362631944,1.55779615355736e-05,4.13215520402604e-06,1.17194852792794e-06,8.78567850857905e-07,2.04457751651071e-07,6.28593844659742e-06,0.000487496457392897,0.000942477393741626,0.000305053002344654,0.0136509932135619,0.00352315111419331,6.21099225454689e-06,0.000950720424264929,1.15215593167732e-05,0.000567639810863372,0.0730344934345751,0.00236479435314204,0.0928907393061561,0.0105797755674285,0,0.0672899298898906,0.012866158150119,0.000145327487214546,0
2.2211430211799e-09,2.4764513888869e-09,2.22033796151272e-08,2.53237570669272e-08,2.6079008769586e-09,4.33637222223009e-10,1.23876443720994e-11,8.32236003281003e-12,2.49719804646642e-11,1.82871833771646e-09,1.27896105512534e-07,1.999767685839e-11,2.60956798629685e-11,1.92178277264213e-07,9.72228710459201e-07,3.54043597099688e-07,2.27585134656179e-10,1.43738719637934e-10,1.37875024256573e-09,0.00110549993178224,1.83497791279811e-07,0.0168369715527127,1.20763222076722e-05,1.48375725395882e-07,1.85924094155203e-07,3.23708456338905e-08,1.95889067482122e-07,4.70772922489067e-07,1.95884780212677e-07,2.10452650683086e-07,0.00215630163928034,0.000282580717955707,7.15026372561034e-05,1.93440807087165e-05,7.67484537366714e-06,3.17450476446863e-06,0.000115727687226738,0.010795886101106,0.0234304041974084,0.00645685914412886,0.48381315209055,0.0894348397962981,5.77546980125667e-05,0.000259427517006833,0.000108663353749823,0.00573477274136112,0.0174928362719951,0.000616968501798688,0.282175954333933,0.137851996558913,0.531241945612408,0,0.251451495394623,4.10004003573861e-05,0
2.98719581477954e-08,3.38261004157984e-08,3.20516630562715e-07,3.27559172883491e-07,3.52245839243313e-08,5.57992492192282e-09,1.53446079155495e-10,1.0229815337982e-10,2.9709674455781e-10,2.45463018257403e-08,1.90139254770633e-06,2.46243134345458e-10,3.21905125255297e-10,2.78210108685525e-06,1.49548378167989e-05,5.50194124477794e-06,2.93913948289519e-09,1.83582293646952e-09,1.85022410059607e-08,0.0215192001804418,2.78742506506632e-06,0.402886391182978,0.000205623162048664,2.31596177736846e-06,2.75941859652608e-06,4.5011879681362e-07,3.09266975147128e-06,7.38839631211605e-06,2.95811674518932e-06,3.00476385675457e-06,0.000560736927736171,5.67336912944185e-05,1.47597289324821e-05,4.10471760606036e-06,8.76216475540828e-07,6.97927730751266e-07,0.000985715831951281,0.0378871953682288,0.00566207746702409,0.00118175283756023,0.0645838131618845,0.0146139353456928,6.19393286114311e-06,1.4485008910655e-05,1.14897327215034e-05,0.000566029160791057,0.000775574079597459,3.16970926981398e-05,0.00924509693717703,0.0122338137281323,0.0240200438589736,0.0594616355326849,0,2.44076222790764e-06,0
3.07181976477392e-15,3.29049085797849e-15,2.30521797987483e-14,6.40250324677261e-14,3.66722297276083e-15,0,0,0,0,2.77997401671807e-15,1.19811501716159e-13,0,0,1.96875478762908e-13,8.17321707881053e-13,2.87781782378526e-13,6.26581725679634e-16,0,1.58970945658261e-15,4.82577046900246e-10,1.60386311609045e-13,4.78795695297951e-09,7.47672873723162e-12,1.19027951096533e-13,1.75350804309026e-13,3.84371390595383e-14,1.51680908142056e-13,3.71331185297799e-13,1.74284531626285e-13,2.23585088547755e-13,7.95975501821375e-10,3.01603988893983e-10,8.90618459834156e-11,2.82755792729983e-11,2.34149070734595e-11,5.75481105252297e-12,6.96212745382082e-11,3.63757427120423e-09,5.72837222585722e-09,4.31794738730849e-09,4.99594860837284e-08,3.70422124269786e-08,1.35506604597446e-10,0.450866565798675,2.40725726926196e-10,9.71674356551584e-09,0.00269307231677597,0.0154005987230836,2.40240313678094e-06,1.01090101274412e-07,4.16480984070836e-06,1.48830940852422e-07,3.74669184968592e-08,0,0
0,0,0,0,0,0,0,0,0,0,0,0,0,0,0,0,0,0,0,0,0,0,0,0,0,0,0,0,0,0,0,0,0,0,0,0,0,0,0,0,0,0,0,0,0,0,0,0,0,0,0,0,0,0,0
