0,0.421596209754213,0.0585758014674579,0.045764591836892,0.0195312908125351,0.00464542212672881,0.000767477058418526,0.000637463673837214,0.00105870656289588,0.0127462291461683,0.010559826489544,0.000806110161461123,0.000929504845818957,0.000512286779165863,0.000317839983741527,0.00021055684935513,0.00329655843102843,0.00254905624916192,0.00981871972676501,0.0012985312954008,0.000165193820061465,0.000424138632313938,0.00346783185886051,0.00562465628424227,0.00393609123797077,0.00171419586698362,0.00427146926860616,0.00378790689428635,0.0042736116364786,0.00320403182542374,1.10403161522471e-06,3.8896655834475e-07,2.33438261322032e-07,1.39450120959198e-07,7.43338755128298e-08,6.32227761856637e-08,1.82628046962582e-06,6.69207731336617e-06,2.51599163959389e-06,1.41464836806679e-06,5.98770238628285e-06,3.65239738245397e-06,1.9402914612654e-07,4.92643565816091e-07,2.81855672703633e-07,1.5215935302704e-06,2.04605969963138e-06,7.00183048053615e-07,3.58686048498988e-06,3.64332544389234e-06,6.65708748181129e-06,6.65228800539661e-06,5.30948570181264e-05,2.77790671963199e-07,0
0.681449565652671,0,0.279660494394282,0.0640712266824871,0.0279785511911042,0.00647773068324195,0.00105253422340351,0.000871586589119603,0.00143041517666782,0.0181200761876566,0.010559826489544,0.00110234322506699,0.00127036373346062,0.000770359723592729,0.000477043197541957,0.000316690648819012,0.00459309776621604,0.00353374707096477,0.0139564359762526,0.0019708536607047,0.000247298247535115,0.000635471532328212,0.00544078056476112,0.00913241979612253,0.0061800188302542,0.00262280708232599,0.00689478655500487,0.00600702123810322,0.00675910796201406,0.00492207679014948,1.58735464568399e-06,5.55238276220929e-07,3.32195008825922e-07,1.97777677095065e-07,1.04799152231844e-07,8.92394722937248e-08,2.62558779788113e-06,9.70905218312814e-06,3.64123846636393e-06,2.03650736222743e-06,8.73878808819821e-06,5.29577287931925e-06,2.75132556119655e-07,6.92773906559367e-07,4.00150086730972e-07,2.17170551407594e-06,2.91914656265387e-06,9.90420813598787e-07,5.17959508526967e-06,5.27257437355098e-06,9.61780562637973e-06,9.70023972288881e-06,7.83371570882865e-05,3.88665870868818e-07,0
0.142731831159104,0.421596209754213,0,0.199910975995401,0.54241745054339,0.0220972815301366,0.00334292804705958,0.00273348554206882,0.00427291755527101,0.0835042157561114,0.010559826489544,0.00364672147132758,0.00475735902889312,0.00294065907618357,0.00180797856589254,0.0012097825644855,0.0189562630406159,0.0142086845912582,0.0642663918866583,0.00779229406360621,0.000928263315835414,0.00239271322074979,0.024576129568214,0.0482314783806238,0.0280029847899583,0.0106991833170464,0.0353853915838076,0.0284202906493164,0.0316040600438796,0.0203986753326265,5.15361641305634e-06,1.75818389100098e-06,1.04071375691596e-06,6.12468850168486e-07,3.1798542423043e-07,2.71866967955924e-07,8.52213146944074e-06,3.2537102185232e-05,1.2096512304173e-05,6.64089342313285e-06,2.990749851087e-05,1.77091641804485e-05,8.51456550792806e-07,2.08376778965038e-06,1.24346505751598e-06,6.87324128684359e-06,9.22671899790961e-06,3.03936195520462e-06,1.70741852107628e-05,1.75137992895643e-05,3.17583795761378e-05,3.30949019750747e-05,0.000278776629078026,1.14910968993842e-06,0
0.0066719373987899,0.00577894268342646,0.0119606948613379,0,0.0222117494372451,0.00523358563518165,0.00085960185062281,0.000713219139652678,0.00117954575595958,0.00721568841297153,0.0089285994514274,0.000901956771893494,0.000558006185600747,0.000171388742299515,0.000106830633458288,7.04095175505279e-05,0.00192216805413749,0.00149757698240404,0.0055594989996626,0.000424848577403218,5.58744497938129e-05,0.000143168368305699,0.0010502342078819,0.00158044898257453,0.00119005298106235,0.000550185351806437,0.00121523220006796,0.00111994652631144,0.0012711097911342,0.00101866840262272,4.13063726272381e-07,1.48234846231734e-07,8.9675178806602e-08,5.40370178383396e-08,2.92520981782342e-08,2.48036065240782e-08,6.83420869167792e-07,2.44695474413447e-06,9.25762949074912e-07,5.27586696767233e-07,2.15689878363186e-06,1.33755781222587e-06,7.52237123195792e-08,1.95160432797519e-07,1.08935439084755e-07,5.80100566227441e-07,7.80811271883117e-07,2.7318552206365e-07,1.32720811192996e-06,1.3406859930284e-06,2.46022103531278e-06,2.40157151437607e-06,1.86128591526789e-05,1.11508004680321e-07,0
0.0245375395417397,0.021746444781168,0.279660494394282,0.191408166086187,0,0.120797758747402,0.0159025358778586,0.0127131733333309,0.0182914765725894,0.0351425790703246,0.039538220489652,0.0161077385346326,0.00884778341698375,0.000574516907669581,0.000356261909962294,0.000236147064651851,0.00853692971585388,0.00650011210265335,0.027059586738237,0.00145998069904303,0.000185031484327326,0.000475181073822328,0.00393441259598871,0.00644044620419805,0.00446656936824326,0.00193159105998972,0.00488335842430207,0.00431002061967494,0.00485915541452316,0.00361433861834477,1.22285997142412e-06,4.2996922864479e-07,2.57823232817013e-07,1.5387252483658e-07,8.18854984523884e-08,6.96685582902199e-08,2.02280214311113e-06,7.43099135855123e-06,2.79187595286677e-06,1.56745592932948e-06,6.6597923832938e-06,4.05499529287802e-06,2.1408483565867e-07,5.42303570554334e-07,3.11093576933608e-07,1.68192140423374e-06,2.26141081365275e-06,7.72027757968615e-07,3.97772721717942e-06,4.04278525593751e-06,7.38351671132559e-06,7.39718092736961e-06,5.92327060893701e-05,3.05360377383459e-07,0
0.00507105122321327,0.00437480479947024,0.00989940435736658,0.0391877003517944,0.10496188555421,0,0.155990326488615,0.11762963206278,0.140532736330787,0.00691923179640551,0.041135649642076,0.149462993431294,0.0730252430048988,0.000146905435611986,9.16249241774224e-05,6.03476069286782e-05,0.0133089982878861,0.0175732435928817,0.00533115836948572,0.00036311005665589,4.79608580127945e-05,0.000122858727215135,0.000888914899420172,0.00132566104500911,0.00100704908218457,0.000469079928189799,0.00102081727809377,0.000945133819891842,0.00107348175751207,0.000867457275524705,3.59345584858233e-07,1.29279332508269e-07,7.82927400178316e-08,4.72339531878543e-08,2.56232791858776e-08,2.17175456689829e-08,5.94559057688819e-07,2.12216510657269e-06,8.03561226873183e-07,4.58776774990628e-07,1.86686889398976e-06,1.16026081175125e-06,6.57577640029039e-08,1.71105914322711e-07,9.51871027160276e-08,5.05946618988078e-07,6.81090672501362e-07,2.3901563394771e-07,1.15288391932723e-06,1.16372784070644e-06,2.13672542422197e-06,2.0792518502979e-06,1.60519589293094e-05,9.79412445777633e-08,0
0.0013315269887972,0.00112975370942942,0.00238017561915331,0.010229620998907,0.021960938179965,0.247918779443662,0,0.629209910584342,0.248620843583113,0.00190475305481187,0.0949501517534583,0.0802483457972709,0.0408510584734709,4.46645738224849e-05,2.79777266842942e-05,1.83397526283009e-05,0.00777431568079079,0.0102210764863827,0.00298725612681365,0.000108160426915004,1.47310263858142e-05,3.76643144757328e-05,0.000247411205477424,0.000347208375306171,0.000279895345496028,0.000137327920141296,0.000269976723083273,0.000257837239266675,0.000294298478110415,0.000251823826611765,1.21698109265379e-07,4.46001594734672e-08,2.72288739067107e-08,1.65726912285898e-08,9.13302663780227e-09,7.7166593672098e-09,2.01396380606614e-07,7.0251229943096e-07,2.67661576238078e-07,1.54876377012544e-07,6.08995190731918e-07,3.84672215548678e-07,2.30836731510621e-08,6.14060159582599e-08,3.3309459413367e-08,1.74614431654638e-07,2.3529221050048e-07,8.44493203006777e-08,3.86158210919048e-07,3.87664994963199e-07,7.14821711122074e-07,6.79736517531079e-07,5.10028373220527e-06,3.56303611778159e-08,0
0.00100385185306801,0.000849156428355735,0.00176655989559113,0.00770397391205062,0.0159355877456214,0.169690726505148,0.571117104203811,0,0.434744365450305,0.00183256791506231,0.041135649642076,0.0765699410411644,0.0390861678851919,3.46261405689254e-05,2.17081368884702e-05,1.42166273578001e-05,0.00746102788322028,0.0098061776246802,0.00287097812649339,8.35150896095779e-05,1.14431653497315e-05,2.92469630539981e-05,0.000188559897507126,0.000261643376224772,0.000213260067195603,0.000105680015998018,0.000203807117251243,0.000195766191836434,0.000223656331093375,0.00019347385234485,9.64116015116801e-08,3.54672063246436e-08,2.1688997820236e-08,1.32248726098939e-08,7.31182754656717e-09,6.17389152807896e-09,1.59556504713345e-07,5.53968453147139e-07,2.11331281881297e-07,1.22616068339196e-07,4.78800651995203e-07,3.03428187738091e-07,1.84224993926205e-08,4.92307271597493e-08,2.65661881501121e-08,1.38868968638908e-07,1.87163137272192e-07,6.74869655599316e-08,3.05234595246474e-07,3.06085028514151e-07,5.64882615571262e-07,5.3465057023723e-07,3.98874488106994e-06,2.86465150651919e-08,0
0.000287269249018696,0.000240125687823126,0.000475812063933513,0.00219536106014426,0.00395059248259465,0.0349315794640756,0.0388836028084421,0.0749088814377973,0,0.000506634941235569,0.000378040983814321,0.0168445682248055,0.00923662884744227,1.10962594282072e-05,6.98122084267382e-06,4.55419883394905e-06,0.00191764641640282,0.00249846104456703,0.000769056971961293,2.6321349427601e-05,3.69786751897104e-06,9.4364472553973e-06,5.63449746568191e-05,7.47379021685116e-05,6.3657158417416e-05,3.28482403000063e-05,5.86276324859538e-05,5.76185613290939e-05,6.60713199687998e-05,5.9735943472547e-05,3.38551476819165e-08,1.26585765644016e-08,7.79640610505613e-09,4.79124982689493e-09,2.6865444808623e-09,2.26207823231427e-09,5.60382303754107e-08,1.90710847490217e-07,7.31449880210869e-08,4.29368185335058e-08,1.62764408283424e-07,1.04596513869655e-07,6.67730067669466e-09,1.81998067305205e-08,9.60205712521177e-09,4.95805755315414e-08,6.68811910337493e-08,2.46025059053275e-08,1.0615723787611e-07,1.05948768625003e-07,1.96251371078198e-07,1.82085407094909e-07,1.32592799851901e-06,1.07208600712119e-08,0
0.0166548693693235,0.0146481408422115,0.0447780639847764,0.0646717943457739,0.0365504790689155,0.00828217829480671,0.00143454315122347,0.00152056644970584,0.00243972633296254,0,0.0320154288718152,0.0156430768243338,0.0205062721950944,0.000486114325594848,0.000301673569123484,0.00019979472398953,0.095517528285222,0.068451457648801,0.40818862621749,0.00123077451395387,0.000156841978724381,0.000402653380024126,0.00327353642264994,0.00528774549722716,0.00371522633422334,0.00162313066247377,0.00401840384287916,0.00357104320927892,0.00403024506020883,0.00303231859394294,1.05354611841497e-06,3.71518302286808e-07,2.23054378710215e-07,1.33304044702965e-07,7.11115462708378e-08,6.04730296016118e-08,1.7427847096312e-06,6.37877370336111e-06,2.39895037834674e-06,1.34974456500071e-06,5.70311108747565e-06,3.4816703985117e-06,1.85482095546307e-07,4.71441384511155e-07,2.69398772238963e-07,1.45336543177687e-06,1.95440857543412e-06,6.69548714978418e-07,3.42095733594775e-06,3.47385714505576e-06,6.34878834946047e-06,6.33680695495023e-06,5.05022008478825e-05,2.66006804566747e-07,0
0.0208278731100549,0.0128856966135575,0.00854756328967732,0.120795042748008,0.062073351387174,0.0743247895226637,0.107944180303025,0.0515219530539831,0.00274797952045935,0.0483267907577599,0,0.00229427592797433,0.00298927437546798,0.00561668177729951,0.00343919687852559,0.00231166829635164,0.0114717335052804,0.00868705557386647,0.0372052915229748,0.015188913362114,0.00175618575256975,0.00453468946112006,0.0520957288222451,0.115619698143776,0.0594873516595546,0.0212469132015181,0.0826741940574428,0.0622496707852587,0.068633477959776,0.0409008775285687,9.01802638327715e-06,3.03722388951981e-06,1.78800757930079e-06,1.04607331361288e-06,5.37533283081979e-07,4.60507974112974e-07,1.49103343568865e-05,5.78833802918559e-05,2.14214104896893e-05,1.16469296498707e-05,5.37991133740785e-05,3.14690091957996e-05,1.45376871042062e-06,3.5070297604542e-06,2.12753006896816e-06,1.18702339954444e-05,1.59240528040691e-05,5.16727519818847e-06,3.01141118370131e-05,3.10127538431924e-05,5.60626010488742e-05,5.94346513067185e-05,0.000512101959798753,1.91737623298557e-06,0
0.00101880584173767,0.000861939625672977,0.00189145941432708,0.00781916513086217,0.0162043470619799,0.173044537152132,0.0584586185652015,0.0614527270122839,0.0784591105113451,0.0151307236748081,0.00147012593218259,0,0.502904844556328,3.67114100500157e-05,2.30110057339928e-05,1.50730849225394e-05,0.0737452333764501,0.0992670345999957,0.0255308820796023,8.86253947487034e-05,1.21267619347721e-05,3.09967667045296e-05,0.000200690496366905,0.000279187399179388,0.000226993423997591,0.000112232340022811,0.000217385756147014,0.000208538106219627,0.000238198100577975,0.000205545571303945,1.01714688209729e-07,3.73857104320306e-08,2.28535570461682e-08,1.39291806406617e-08,7.6955028968119e-09,6.49881895587409e-09,1.68331316253297e-07,5.85058268207471e-07,2.23127529876129e-07,1.29379786228052e-07,5.06014619610157e-07,3.20434627178685e-07,1.94031524876744e-08,5.17972660696424e-08,2.79844928328088e-08,1.46378059385224e-07,1.97274547680594e-07,7.10576818086802e-08,3.22189322127247e-07,3.23168997336746e-07,5.96293734713585e-07,5.64982991499924e-07,4.22054411487143e-06,3.01204751567825e-08,0
0.00096506333366389,0.000816009515229527,0.00202706412377987,0.0039739353821589,0.00731204026735992,0.0694551342121065,0.0244468495484908,0.0257699197822784,0.0353430574217071,0.0162941370974339,0.00157355452315674,0.413135909978515,0,3.89496622009105e-05,2.44091556144183e-05,1.59923955430466e-05,0.0801051563816378,0.107964094002258,0.0275877929641708,9.4116226993171e-05,1.2860135582479e-05,3.28741628709306e-05,0.000213768301770105,0.000298157578238168,0.00024180016788269,0.000119278642434404,0.000232061286619783,0.000222320868273663,0.0002538870029197,0.00021853281918706,1.07375995234865e-07,3.94318911480882e-08,2.4095110576047e-08,1.46797181869548e-08,8.10403551586029e-09,6.84485260367441e-09,1.77698768213638e-07,6.18286434717439e-07,2.35731173558109e-07,1.36601556478656e-07,5.35121917090081e-07,3.38609370254217e-07,2.04481470872692e-08,5.45291391523325e-08,2.94960955656962e-08,1.54386722630392e-07,2.08058123772839e-07,7.48614263959983e-08,3.40299432223538e-07,3.41422199682575e-07,6.29847443289267e-07,5.97422181777141e-07,4.46879917861502e-06,3.16883069787173e-08,0
0.000317579008813605,0.000295457615397603,0.000748136288300704,0.00072878355351743,0.00028349237951359,8.34264364283051e-05,1.59594258791733e-05,1.36310259639434e-05,2.53513860684017e-05,0.000230630930798121,0.0017653479555529,1.80070543673462e-05,2.32561692394872e-05,0,0.211927056550717,0.0454023124165011,6.98494577571192e-05,5.63320980329127e-05,0.000177839317417694,0.00832750200472639,0.0322258536940173,0.00255028869965855,0.00591970337203947,0.00230991634047495,0.0298638488881598,0.340521646901154,0.00253549711164526,0.00233346630342036,0.00242647028590725,0.00187982908393355,5.45091377638453e-06,1.85726926226679e-06,1.09877559479571e-06,6.46264525525964e-07,3.35191320952144e-07,2.86634792300988e-07,9.01362665040743e-06,3.44695300932083e-05,1.28092396672609e-05,7.02554415400952e-06,3.17178944731739e-05,1.87588802691899e-05,8.98409890925503e-07,2.19556781076163e-06,1.3123055401869e-06,7.26040607373183e-06,9.74581256989223e-06,3.20562113658798e-06,1.8073070618425e-05,1.85455974852708e-05,3.36192325503515e-05,3.50926316937079e-05,0.000296250783852085,1.20973312141243e-06,0
0.000270103282491178,0.000250808365752257,0.000630539084354885,0.00062272279913614,0.000240985359141536,7.13283449819449e-05,1.37040578784894e-05,1.17146603156157e-05,2.18644811096577e-05,0.000196200036942761,0.00148180217980553,1.54724790062527e-05,1.99788244638377e-05,0.290515358938692,0,0.223452815344691,5.96951355876074e-05,4.82045812837724e-05,0.000151293944462026,0.0313193434435357,0.14770380878908,0.00903084612212332,0.0233942154976039,0.00192491795563827,0.00493427160331396,0.0463067099229842,0.0022462085231771,0.00372434455739173,0.00223976681707668,0.0024909066833509,1.63599379835951e-05,5.43066067521402e-06,3.17749658761171e-06,1.84679752373995e-06,9.38170848590285e-07,8.05550528102142e-07,2.70451483994121e-05,0.000107001050589726,3.93923389902994e-05,2.11834818988053e-05,0.00010072784175385,5.80973919570771e-05,2.56560928883684e-06,6.09119953703903e-06,3.76344009704807e-06,2.12180909998813e-05,2.84428947641112e-05,9.07597039635993e-06,5.51228391355128e-05,5.70259043086061e-05,0.000102724161567114,0.000111067654258834,0.000982511085105837,3.29865462544869e-06,0
0.000322840889134284,0.000300412071376072,0.000761244003132322,0.000740505281473671,0.000288205090185909,8.47630159562476e-05,1.62079490748464e-05,1.38420864586986e-05,2.57346114339872e-05,0.000234446453713831,0.00179703500626345,1.82862341490043e-05,2.36172064911013e-05,0.112294501898233,0.40316577720564,0,7.09715783174263e-05,5.72295466052682e-05,0.000180780940924999,0.0385598304877314,0.755268041797345,0.0109970660727301,0.0290759563754785,0.00235314409150752,0.00249179309617173,0.0197708810263862,0.00275136765810822,0.00455717850606078,0.00272301525166355,0.00300236110061854,1.93673714387738e-05,6.40159189449301e-06,3.73886767485449e-06,2.16889079145812e-06,1.09811341344337e-06,9.43502957273661e-07,3.20153507557803e-05,0.000127379159936847,4.68216458089575e-05,2.50966705703005e-05,0.000120369145730031,6.91353321804943e-05,3.01273948317311e-06,7.11956028852348e-06,4.42234475292728e-06,2.50094298841454e-05,3.35177855624446e-05,1.06429352469419e-05,6.54292887280067e-05,6.77793847833153e-05,0.000121967207654332,0.000132649504205079,0.00118277852464445,3.84491654206163e-06,0
0.00478637243649559,0.00412585897456223,0.0112952497827675,0.0191432070489733,0.00986614175105078,0.0177018341245662,0.00650613860382113,0.00687907730970985,0.0102612604345729,0.106137603556962,0.00844474654668358,0.0847193537855853,0.112021665736916,0.000163595031229293,0.000101991345604243,6.72064589064145e-05,0,0.473745075203876,0.203682038340579,0.000405173918053922,5.33566934115989e-05,0.000136706089100169,0.000998630859770724,0.00149865200413613,0.00113150833591243,0.000524314539393114,0.00115285436566981,0.00106396175915049,0.00120783653434262,0.000970413051597523,3.96058067561555e-07,1.42239541222219e-07,8.60765310274652e-08,5.18871014563988e-08,2.8106189356773e-08,2.38289420149027e-08,6.55289982604754e-07,2.34401839890842e-06,8.87045309766256e-07,5.05799946370201e-07,2.06491081592586e-06,1.28137094752058e-06,7.2232340609215e-08,1.87567000346429e-07,1.0459010541904e-07,5.56647386456227e-07,7.49273474116669e-07,2.62390761100469e-07,1.27199164714401e-06,1.28461991069124e-06,2.35774889093711e-06,2.29935341815332e-06,1.77995320960862e-05,1.07228110118142e-07,0
0.00329107435088343,0.00282264795158148,0.00752851899723262,0.0132624897667422,0.00668003988514332,0.0207843951570578,0.007606245554927,0.00803977411035195,0.0118882334142628,0.0676365530515343,0.00568646975808631,0.10140661650648,0.134255925347333,0.000117320947110254,7.3236108163663e-05,4.819027657792e-05,0.421266837337744,0,0.12473310127874,0.000288798093142614,3.83801166727342e-05,9.82791982714987e-05,0.000697319106639014,0.00102687044861648,0.000789761251365102,0.000371782254732336,0.000792351192181604,0.000738361999422399,0.00083948596669834,0.000686355521079588,2.93145084025635e-07,1.05842936128276e-07,6.41997506825534e-08,3.87978872942351e-08,2.11110996365458e-08,1.78823258691727e-08,4.85044836486662e-07,1.72352462692262e-06,6.53406940655513e-07,3.740256105354e-07,1.51182983989471e-06,9.42590698113344e-07,5.40185884263605e-08,1.41160572257144e-07,7.81464776382839e-08,4.14257242284999e-07,5.5776755969673e-07,1.96592253311472e-07,9.38472499615118e-07,9.46288671043343e-07,1.73892594972274e-06,1.68453237771129e-06,1.29320182367024e-05,8.1012542570582e-08,0
0.0165348825665995,0.0145406478894136,0.0444147857473398,0.0642184085094243,0.0362716527606632,0.00822422573773916,0.00289957362524995,0.00307016666179428,0.00477299776861955,0.52607497339427,0.031766021273778,0.0340184906264633,0.0447464980615507,0.000483098171060586,0.000299810241997517,0.000198554499268518,0.236239912495845,0.162693310797677,0,0.00122297189756754,0.000155879154728564,0.000400176662847795,0.00325122220693754,0.00524916228407356,0.00368986224019912,0.00161265074008629,0.0039894084099651,0.00354615908386185,0.00400231365899315,0.00301256398887657,1.047707528862e-06,3.69499307268524e-07,2.21852537946307e-07,1.32592507237712e-07,7.07383230958131e-08,6.01545717435074e-08,1.73312846358254e-06,6.34256594749345e-06,2.38542158584098e-06,1.34223924578323e-06,5.67023677422928e-06,3.46193894849118e-06,1.84492580353178e-07,4.68985179205654e-07,2.67956736040869e-07,1.44547044296912e-06,1.9438028892119e-06,6.66001423704647e-07,3.40177730723108e-06,3.45426826103313e-06,6.31314729321274e-06,6.30036194765729e-06,5.02029681156427e-05,2.64641156782751e-07,0
0.000660919657414046,0.000620602620890527,0.00162764235891621,0.00148322845009415,0.000591484402495519,0.000169301853305362,3.17307304449411e-05,2.69927427646421e-05,4.93731533047127e-05,0.000479418991376875,0.0039195373947823,3.56908918258985e-05,4.61377699751414e-05,0.0068371066312146,0.0187580446469048,0.0128000658238181,0.000142033902040996,0.000113849805957823,0.000369629371919035,0,0.00940737590167639,0.341743122278865,0.0711253013162085,0.00532093989567893,0.00542850082535916,0.00232152831611529,0.00627844101036869,0.0103494212940992,0.00600566390877545,0.00637384894041246,0.000311517892576616,9.47381406007308e-05,5.34636115629175e-05,2.99050201239238e-05,1.42265801870766e-05,1.23727902165759e-05,0.000514483740526661,0.00229400139936869,0.000816612824984637,0.000409809476284376,0.00234973377513785,0.00123519546429728,4.14551627342936e-05,8.98675742965289e-05,6.1638156686383e-05,0.000369499084098331,0.000493107943543485,0.000142693457217032,0.00110979910573341,0.00118160781601082,0.00208135730669772,0.00255791868517831,0.0272555022668025,4.6152850097915e-05,0
0.000215768311433033,0.000199837912377546,0.000497579473816515,0.000500592982024072,0.000192370925085739,5.73862700049498e-05,1.10902746807543e-05,9.49130340046778e-06,1.78004786599603e-05,0.000156782169741435,0.00116299052175255,1.25326146904232e-05,1.61783883719919e-05,0.0678984181879123,0.22702005724431,0.643392233036691,4.7999538705044e-05,3.88277194010691e-05,0.000120902604692769,0.0241416036991928,0,0.00705292862995362,0.0178341172313881,0.00149634666218623,0.00161355826349183,0.0124802210962363,0.00174197449499039,0.00289188274101608,0.00175261451581929,0.00196954297590104,1.32241634480899e-05,4.41297384850823e-06,2.58779945598037e-06,1.50765721195187e-06,7.69078595857614e-07,6.5982221355719e-07,2.18625483080112e-05,8.58996609280056e-05,3.16844393644774e-05,1.71071202260463e-05,8.04861772164781e-05,4.66622072136846e-05,2.09475197716368e-06,5.00214940672862e-06,3.07014642509821e-06,1.72437550029695e-05,2.31216154999629e-05,7.42307116457948e-06,4.44117331150407e-05,4.58688751446843e-05,8.27329977163118e-05,8.88102020245792e-05,0.000778039060186746,2.71822659027821e-06,0
0.000232119153820387,0.000215160341921264,0.000537392001774227,0.000537437359783116,0.00020699612514274,6.15937074142042e-05,1.18808809213392e-05,1.01641189726477e-05,1.90326004275053e-05,0.000168645589280116,0.00125823730659009,1.34221630705699e-05,1.7328209593413e-05,0.00225140617383014,0.00581581063339236,0.00392519123343768,5.15282383856683e-05,4.16587732842961e-05,0.000130049490129992,0.36745713266706,0.00295514482544475,0,0.0194742240383236,0.00162386432279982,0.00174552766240891,0.000792665582811477,0.00189185163461191,0.00313945429111142,0.00189797049885083,0.00212578371525524,0.00136150761340345,0.000390680585505103,0.000215445501044247,0.00011765866955239,5.37842030238999e-05,4.71361969266391e-05,0.00224709942173487,0.0109152012717662,0.00378986280118752,0.00181072737113986,0.0119460412042593,0.00584054565186114,0.000162884516728478,0.000334253554203523,0.000244226168255856,0.00152200840265864,0.00202534051114719,0.000551346575032812,0.00504297909314836,0.00548191261685338,0.00950089613868579,0.0128694664409053,0.162392366059239,0.000166428188000912,0
0.00520051023980412,0.00504791592491286,0.015125119470095,0.0108031825349435,0.00469642898312246,0.00122116766474672,0.000213856629469151,0.000179565572078601,0.000311407865556881,0.00375703803895557,0.0396097317336107,0.000238131967385091,0.000308764295080301,0.0143202047698305,0.0412833638833925,0.0284382436652509,0.00103144766096386,0.000809955602811593,0.00289526503051209,0.209563573148865,0.0204760260876104,0.0533635776924473,0,0.0638161258556382,0.0545784383703137,0.0196576280458744,0.079074852446835,0.114445826455718,0.0637888647819171,0.0527846402140017,7.2681767105452e-05,2.31679832688466e-05,1.33281060262923e-05,7.60775325512659e-06,3.74605184741083e-06,3.23619963092877e-06,0.000120099390894183,0.000501616805948015,0.000181904231337539,9.479726328809e-05,0.000490168593047896,0.000271342615109044,1.05580748123081e-05,2.4004492048421e-05,1.55867431105181e-05,9.04450128148975e-05,0.000120989125935843,3.68687319339814e-05,0.000251202878265165,0.000263276214277548,0.000469480185162074,0.000537457284120023,0.00514730779514831,1.26719521745983e-05,0
0.0226558468145079,0.0227579509325132,0.0797282602070488,0.0436659007178721,0.0206490560078903,0.00489152179049955,0.000806101877200156,0.000669236889622238,0.00110946008124617,0.016300290574147,0.236117404976122,0.000889780929505002,0.00115671403778135,0.0150086600671313,0.0091237883588645,0.00618178179622065,0.00415756836324314,0.00320362513361063,0.0125553279001989,0.042109144299364,0.00461447889230204,0.0119517336004014,0.171406316867419,0,0.196703515122403,0.0609999761922845,0.369200241241138,0.222154138878252,0.239500344549017,0.11963723152316,2.07944046324881e-05,6.86077322956947e-06,4.00398792810189e-06,2.32078134708795e-06,1.17334517648077e-06,1.00842380482111e-06,3.4373636229251e-05,0.000137091162563748,5.03580225286188e-05,2.69545902525286e-05,0.000129758486619885,7.43943010547272e-05,3.22357645689077e-06,7.60274636416278e-06,4.73320355004362e-06,2.68023423177504e-05,3.59172754099607e-05,1.13810264122705e-05,7.03299046054375e-05,7.28979919710072e-05,0.000131119242415604,0.000142961794484268,0.00127908787606493,4.10104599178939e-06,0
0.00540102400838862,0.00524642813312265,0.0157693095193754,0.0112009505058639,0.00487848493611779,0.00126586903290749,0.000221371677578995,0.000185825927468969,0.000321917558723006,0.00390154588179541,0.0413854274333273,0.000246449077071567,0.000319568078876006,0.0661025311481017,0.00796732751186747,0.00222999437720687,0.00106935769255331,0.000839360442785868,0.00300659445238524,0.0146350634960514,0.00169512502834573,0.00437657665719261,0.0499394934143922,0.0670098677409749,0,0.314773943244908,0.0766869998699289,0.0595478565022668,0.0593950704194134,0.0359732543859501,8.74364763824645e-06,2.94696115666198e-06,1.73540612628959e-06,1.0156365793895e-06,5.22196379290242e-07,4.47317612126655e-07,1.44567925040552e-05,5.60695210001072e-05,2.07555511192919e-05,1.12911104642826e-05,5.20802046496743e-05,3.04848435688791e-05,1.41149622196274e-06,3.40780876438689e-06,2.06542216060781e-06,1.15176367339854e-05,1.5451625676904e-05,5.01822866289184e-06,2.91847721875496e-05,3.00488688799454e-05,5.43297367022716e-05,5.75411160422416e-05,0.00049514317665049,1.86403178323782e-06,0
0.00117606125832512,0.00111326569485296,0.00301243393145739,0.00258914369574511,0.00105483521695196,0.000294810900171658,5.43054943412772e-05,4.6041364571023e-05,8.30554384818156e-05,0.000852243059689454,0.00739055754536896,6.09242914787652e-05,7.88184754761907e-05,0.376856130269989,0.0373845444941,0.00884659939826354,0.000247751156341607,0.000197560393340366,0.000656997275855079,0.00312930026612158,0.00655538061744203,0.000993702436566311,0.00899316765085258,0.0103899834170307,0.157382820309978,0,0.0115532780484826,0.010062945915389,0.0103145226017131,0.00729495881053053,2.36677221738036e-06,8.21122970992437e-07,4.89548374812313e-07,2.90351462885387e-07,1.52820738588827e-07,1.30304560157972e-07,3.91445226724492e-06,1.46265437470006e-05,5.46993642770257e-06,3.0408128583803e-06,1.32547658347429e-05,7.972438799479e-06,4.03826154984716e-07,1.00730809258526e-06,5.88118594254621e-07,3.21111712294734e-06,4.31443829605398e-06,1.44966085715361e-06,7.76127715461196e-06,7.92024300933841e-06,1.44196183263123e-05,1.46982918299384e-05,0.000120321601326512,5.61916401231305e-07,0
0.0182620033391707,0.0182370646024001,0.0620858369065057,0.0356375656880388,0.0166184175666163,0.00399803259673442,0.000665292889908114,0.000553319905608885,0.000923761705619186,0.013148166747754,0.179206171066054,0.000735368775166291,0.000955585762006223,0.0174862068267823,0.0113005575223313,0.00767185875188835,0.00339468803234779,0.00262379906262636,0.0101282258956027,0.0527383698597489,0.00570189291972207,0.0147793406450607,0.225435132206492,0.391876117516548,0.238936186763235,0.0719957494820081,0,0.300762281603995,0.284488881049322,0.137719492107504,2.49134745710375e-05,8.18133188120185e-06,4.76528238532396e-06,2.75622590067452e-06,1.38841689144228e-06,1.19412077360207e-06,4.11804530324605e-05,0.00016526118187034,6.06014015477029e-05,3.23209211406679e-05,0.000157084905455019,8.9642970113424e-05,3.82795486153255e-06,8.98244278043459e-06,5.62481497242216e-06,3.19581924519302e-05,4.28161512644291e-05,1.34943447501213e-05,8.45079303234523e-05,8.77241363910017e-05,0.000157604005181201,0.000172959056100547,0.00156126386430202,4.8307266954423e-06,0
0.0087413854703114,0.00857636236493472,0.0269157752528701,0.0177278428749276,0.00791699294872964,0.00199802752518672,0.000342958876130363,0.000286882783001643,0.000490038105988662,0.0063069091109694,0.0728332843115486,0.00038077582757955,0.000494148007856186,0.00868648090002325,0.0101136867189908,0.00685895344792586,0.00169106882808698,0.00131975111782735,0.00485951513706088,0.0469246232157314,0.00510937512057547,0.0132382931353971,0.176113647627234,0.127277335178993,0.100146588195697,0.0338482807586005,0.162342868432339,0,0.11981036437097,0.261026989459644,2.26873517303213e-05,7.46849849731918e-06,4.35454316783575e-06,2.52141672221704e-06,1.27254809761279e-06,1.0940594932516e-06,3.75018041077921e-05,0.000150012710119486,5.50591161363241e-05,2.94201027537892e-05,0.000142276760506845,8.13897545034491e-05,3.50205956628821e-06,8.23942558735937e-06,5.14394617314031e-06,2.91751483851768e-05,3.90924793399072e-05,1.23552280679366e-05,7.68397564010201e-05,7.97023486583106e-05,0.000143278523205245,0.000156706281568815,0.00140801988128177,4.43806174738039e-06,0
0.00771909054165497,0.00755306885841119,0.0234267132722526,0.0157482309971884,0.00698605186583515,0.00177620438202933,0.00030638995781098,0.000256529960644276,0.000439815500543764,0.00557112659549533,0.0628519777415671,0.000340417866152784,0.000441679653552718,0.0070698047246758,0.00476049984912699,0.00320776093717361,0.00150256591501654,0.00117442759641119,0.00429275350425385,0.0213125717304297,0.00242361493219094,0.00626408139734986,0.0768295043507276,0.107397188716894,0.078182676215958,0.027155056680305,0.120189145427918,0.0937744433017989,0,0.283130819784829,1.19360568550537e-05,3.99310228085174e-06,2.34405991336051e-06,1.36720572772652e-06,6.98813114626698e-07,5.99305694025925e-07,1.9733550002297e-05,7.72812764315567e-05,2.85312651134561e-05,1.54339450560541e-05,7.22515073260574e-05,4.19899105217747e-05,1.89972967854304e-06,4.54895244479369e-06,2.78319313209304e-06,1.56038999393358e-05,2.09255021569102e-05,6.73750041675087e-06,4.00238164814986e-05,4.13046164915383e-05,7.45459282976482e-05,7.97501117161173e-05,0.000695493801420271,2.4760142827771e-06,0
0.00153680328945159,0.00146060513744862,0.00401532615720929,0.00335144368350937,0.00137990831733794,0.000381150716801613,6.96199501397241e-05,5.89290657171631e-05,0.000105595072754914,0.00111310665744397,0.00994640056288271,7.80068162857947e-05,0.000100956426888525,0.00145445799676052,0.00140591021312478,0.000939215440207484,0.000320577013173934,0.000254983640176372,0.000858047813775631,0.00600657602779536,0.000723257682100743,0.0018631052468297,0.0168826688587986,0.0142463465195562,0.0125744858929384,0.00510005434899319,0.0154506139336691,0.0542532673779804,0.0751860942471278,0,4.13364492066599e-06,1.4171222334937e-06,8.4058051953031e-07,4.95803691283374e-07,2.58433495665218e-07,2.20779904334916e-07,6.83584387688863e-06,2.59352961621587e-05,9.65874429197107e-06,5.32199443882972e-06,2.37401961995742e-05,1.41219526151556e-05,6.89356371325487e-07,1.69638119818672e-06,1.00592898953833e-06,5.54049192620909e-06,7.43952142117032e-06,2.4647509283382e-06,1.36541159276288e-05,1.39846432343699e-05,2.5388477647378e-05,2.62865414059013e-05,0.000219569759888477,9.3859029550807e-07,0
2.05758551784313e-06,1.83026228480247e-06,3.94172096294492e-06,5.28045168786202e-06,1.81406584971357e-06,6.13501860926006e-07,1.30730115264235e-07,1.14101537840133e-07,2.32534589461078e-07,1.50269356576433e-06,8.52118011228933e-06,1.49990248891894e-07,1.92743361692016e-07,1.63872868478815e-05,3.58787005302062e-05,2.35411624862331e-05,5.08381265249456e-07,4.23156216252769e-07,1.15949851755139e-06,0.00114067817566088,1.88690800168951e-05,0.00463653253416016,9.03262412788483e-05,9.62140649970118e-06,1.18756689062163e-05,6.42929490665381e-06,1.08602432698639e-05,1.83222672010608e-05,1.23159007775995e-05,1.60615736056108e-05,0,0.201750819885196,0.000477110405552808,0.00025648330798134,0.000114263587496206,0.000100632528278667,0.611784745692954,0.0722154804544503,0.275684353878146,0.0042719411279695,0.024041491614007,0.0144876189593261,0.000354762036283332,0.000428646867370524,0.00053485066940711,0.00342032996599284,0.00265200516955564,0.000712653776709503,0.0101117932595082,0.013403253566726,0.00900796814125956,0.0144809930515518,0.0143293007298054,0.00021208025558087,0
6.70261845889008e-07,5.91935804600399e-07,1.24335152877802e-06,1.75210517294996e-06,5.89752165058788e-07,2.04074397008697e-07,4.42979954673429e-08,3.88101241276264e-08,8.03902858676232e-08,4.89951327398809e-07,2.65351104930886e-06,5.0973075881447e-08,6.54448811115015e-08,5.16259984886975e-06,1.10119332285901e-05,7.19450728925795e-06,1.68813380222787e-07,1.41265411235243e-07,3.78093848121242e-07,0.00032074569979108,5.8219667557964e-06,0.00123012973611387,2.66215011583503e-05,2.93508705926766e-06,3.70080067428542e-06,2.06239067189924e-06,3.29750234311935e-06,5.57679340086241e-06,3.80953165567929e-06,5.09117570686393e-06,0.186539650165055,0,0.239091107625526,0.165828045405279,0.0382591374163812,0.0458303111924915,0.000256587014370507,0.00182072723612867,0.00221008253011955,0.275827203749937,0.00613889015289021,0.0260097510172129,0.00740893721107018,0.000219253451963564,0.0040428859984211,0.00251947019342503,0.00128445986144649,0.00035703380520972,0.00598424682818737,0.00869453352967861,0.00279619457141564,0.00398765142636883,0.00348021763692074,0.000110307036755272,0
3.99145557909864e-07,3.51410992224785e-07,7.30277563544617e-07,1.0517418186298e-06,3.50898283867382e-07,1.22633165753351e-07,2.68351711808105e-08,2.35496556928554e-08,4.91292551228436e-08,2.91884144833619e-07,1.55003132503917e-06,3.09183304978116e-08,3.96811296223384e-08,3.03060701503888e-06,6.39326963436071e-06,4.1694636716754e-06,1.01367399640231e-07,8.50225893402686e-08,2.25256540720881e-07,0.000179606191991204,3.38763031882023e-06,0.000673121624734126,1.51963670794408e-05,1.69968213139522e-06,2.16246673612188e-06,1.22007175603283e-06,1.90579757642992e-06,3.22641987647816e-06,2.21899787610523e-06,2.99651959017268e-06,0.000437725416371844,0.237241384801826,0,0.410354213560659,0.0807858281100235,0.282875471733258,0.00014244897975009,0.000975628642854791,0.00116183332605396,0.0472330160114785,0.00311859445134628,0.0126959933294966,0.0147019242778903,0.000126249495143173,0.00783873144644366,0.00473608934767186,0.000709625454927857,0.000202339614630224,0.00311921498213011,0.00444959032763511,0.00150252144723257,0.00206439418164765,0.00184178985395925,6.43439808342606e-05,0
2.21434682445488e-07,1.942974044012e-07,3.99124287295584e-07,5.88566788805509e-07,1.9448573946511e-07,6.87081460309528e-08,1.51682408514548e-08,1.33353390496025e-08,2.80389684004799e-08,1.61998340776645e-07,8.42171868718927e-07,1.75006946832701e-08,2.2451238813203e-08,1.65538274859833e-06,3.45083901665365e-06,2.2461837033286e-06,5.67466787146623e-08,4.77173756767813e-08,1.25025753278261e-07,9.32984866196137e-05,1.83288615739499e-06,0.000341387436545446,8.05555084603844e-06,9.14906393373139e-07,1.17531460110925e-06,6.72018558663554e-07,1.02369463262792e-06,1.73496373335839e-06,1.20195867337564e-06,1.64140232403807e-06,0.000218529197213769,0.152810253482304,0.381088975323957,0,0.100984795095123,0.333879171053372,7.33352001376777e-05,0.000484354133106241,0.000565874713188321,0.0202299897565154,0.00146925283653033,0.00576415881601161,0.0179948941909544,6.75467586018278e-05,0.00952261867594742,0.00569722584694186,0.000363483479540485,0.000106442703216608,0.00150652360536222,0.00211116136346594,0.000748041277008526,0.000990445041979361,0.000903016897887833,3.49065199457494e-05,0
7.27399780218353e-08,6.34464223208949e-08,1.27700031625553e-07,1.96345540786706e-07,6.37812931992302e-08,2.29693277551532e-08,5.1512964368052e-09,4.54357964833606e-09,9.68873084389014e-09,5.32558110065667e-08,2.66688082479486e-07,5.95835485842707e-09,7.63806883380528e-09,5.29103352772408e-07,1.08030650554155e-06,7.00832808789158e-07,1.89427333738491e-08,1.60006995386773e-08,4.11050232646254e-08,2.73520988513027e-05,5.76186724200279e-07,9.61696377194986e-05,2.44439985750347e-06,2.85054479828478e-07,3.72399676215274e-07,2.17971234429473e-07,3.177862823653e-07,5.39609540225652e-07,3.78596290513164e-07,5.27246531417279e-07,5.99953871823377e-05,0.0217264779782966,0.0462340895820266,0.0622322681333867,0,0.256840382269556,2.11779789623382e-05,0.000131779829173935,0.000149344197804,0.00358288739524958,0.00036839154616646,0.0011153148667776,0.230812099812288,3.73319028220195e-05,0.106013121840482,0.0538756857126325,0.00019331562151682,5.79512375325502e-05,0.000762148463865754,0.0018979248226267,0.000388213999668431,0.000362902370294217,0.000240832308249676,1.95337387043316e-05,0
9.13694383997538e-08,7.97897979782643e-08,1.61243137052831e-07,2.45878104847708e-07,8.01427334056797e-08,2.87518188468471e-08,6.42794499504868e-09,5.66594304304400e-09,1.20481809095138e-08,6.68851354527696e-08,3.37424340070305e-07,7.43130011923026e-09,9.52768382090889e-09,6.68217210529443e-07,1.36993148676022e-06,8.89306563681867e-07,2.37184575542342e-08,2.00167296319861e-08,5.1623777591823e-08,3.51316699822403e-05,7.30063202222141e-07,0.000124474040069839,3.11870842541632e-06,3.61814669591716e-07,4.71120974980635e-07,2.74484299455515e-07,4.03649589518039e-07,6.85152672304169e-07,4.79517780425813e-07,6.65220269526779e-07,7.80349924723033e-05,0.0384368656164648,0.239091107625526,0.303871501224134,0.379318750579,0,2.72807110058807e-05,0.000171697459604246,0.000195700553139083,0.00601325113331987,0.000487351248902901,0.00182886899061464,0.0575669426043516,2.64879518304996e-05,0.028940084274926,0.0162398867441062,0.000134297956576846,4.07780242953755e-05,0.000515471786701968,0.000706404901708138,0.00026615167732895,0.000336051978870377,0.000314966597648195,1.39557950937291e-05,0
2.03424168639059e-06,1.80935839240285e-06,3.89565695584213e-06,5.22156804658576e-06,1.79344645178636e-06,6.06676624143676e-07,1.2930108378804e-07,1.1285879404934e-07,2.30041374329557e-07,1.48565957764435e-06,8.42043090512094e-06,1.48355264975793e-07,1.90640573191612e-07,1.619556112201e-05,3.54489284258457e-05,2.32580970300424e-05,5.02716214491654e-07,4.18464562532761e-07,1.14635618473518e-06,0.00112592764076633,1.86441243342269e-05,0.00457355826232627,8.92047450064196e-05,9.50552788977656e-06,1.17353506750115e-05,6.35530761668083e-06,1.07288966882365e-05,1.81011538542248e-05,1.2169401326278e-05,1.58747081673018e-05,0.36564305985704,0.000165858416343053,9.27972609603e-05,5.1442350978885e-05,2.41064465987202e-05,2.10263247002563e-05,0,0.320061741150642,0.0192603129196526,0.000735925814627281,0.00349122933631619,0.00227300993941866,7.1275074777637e-05,9.38272235162092e-05,0.000106310766783022,0.00064661024125985,0.000516381500816276,0.000149154183826739,0.00169865993365237,0.00215967119480949,0.00158097823342878,0.00224840198760253,0.0151190067983953,4.81403688898403e-05,0
7.26900099968831e-06,6.52459551020187e-06,1.45040755120925e-05,1.82312877912829e-05,6.4248126678736e-06,2.1116412398485e-06,4.39828269526805e-07,3.82106678898303e-07,7.63441283890648e-07,5.3026317163995e-06,3.18771527316071e-05,5.0282385042498e-07,6.46843680802906e-07,6.03963232487689e-05,0.000136766737902058,9.02387348806038e-05,1.75359413486139e-06,1.45001667744307e-06,4.09102863130944e-06,0.00489565955354295,7.14350514373041e-05,0.02166418622054,0.000363327218149933,3.69691041798761e-05,4.43843305497137e-05,2.31571971602736e-05,4.19868700990415e-05,7.0609129888374e-05,4.64747415827024e-05,5.87331820032399e-05,0.0420889120081808,0.00114769485211097,0.000619782144541216,0.000331321821647746,0.000146277095935427,0.000129047696002297,0.312113437849744,0,0.16051007069192,0.00567885442506706,0.0331386725899397,0.019631225901662,0.000458136241814809,0.000545208195546193,0.000692042325329742,0.00446652020772507,0.00344434388062563,0.000913609725830498,0.0135095920778959,0.0180603369607338,0.0119309445130483,0.0196660589905631,0.0834032946925417,0.000268061508886303,0
5.22005154130747e-06,4.67388151070713e-06,1.02996666992637e-05,1.31747694323201e-05,4.6106446272116e-06,1.52725570965273e-06,3.20086278644377e-07,2.78429470292157e-07,5.59289462348517e-07,3.80914367018191e-06,2.25333374255906e-05,3.66287184734257e-07,4.71062419624323e-07,4.28696865526217e-05,9.6173635610187e-05,6.33567821413028e-05,1.26755172458761e-06,1.05000427188904e-06,2.93889784821736e-06,0.00332878346499982,5.03289370077983e-05,0.0143676565702252,0.000251663640798314,2.59388043909328e-05,3.13825996162754e-05,1.65416328167989e-05,2.94087885045797e-05,4.9500986800357e-05,3.27729507159759e-05,4.17796508105e-05,0.30690314013843,0.00266098149910546,0.00140977617443297,0.000739365422757761,0.000316641301826502,0.000280950789861328,0.0358751612025334,0.306587260348379,0,0.275827203749937,0.0943387948065407,0.0520921183249348,0.00102129329103869,0.00115510804681127,0.00155294324448023,0.010345896198434,0.00782915791509222,0.00198703638128529,0.0339639894669627,0.0468905573596394,0.029057045587456,0.052647024787634,0.0490458992568066,0.000556296785322003,0
2.47473172608873e-06,2.20408625537408e-06,4.76764088720144e-06,6.330690616114e-06,2.18260374576285e-06,7.35204631128467e-07,1.56163751183057e-07,1.36211202151226e-07,2.76819035369369e-07,1.80705637517408e-06,1.03300621513263e-05,1.79080798236107e-07,2.30160670320014e-07,1.98253539521597e-05,4.36069424673919e-05,2.86336407505627e-05,6.09414370700431e-07,5.06783759329082e-07,1.39432272179051e-06,0.0014085276329662,2.29119822415909e-05,0.00578801359474266,0.00011058277886135,1.17065263299131e-05,1.43947898283329e-05,7.75353615036025e-06,1.32248946464852e-05,2.23019497091763e-05,1.49480826727674e-05,1.94103148183967e-05,0.00400985342380596,0.280017056310488,0.0483243521507062,0.0222868421732408,0.00640510705271522,0.00727882992117322,0.00115578907591626,0.00914590277053505,0.232568623455426,0,0.0370423271427439,0.184886449899282,0.00138776968555992,0.000888553660248801,0.00166665638368084,0.0111368609237403,0.00587067363589004,0.00151411460151224,0.032935147198641,0.0510531020393922,0.0139215674438452,0.0224714151963408,0.0182011994919169,0.000431115388231799,0
1.53874931895155e-05,1.38938259639815e-05,3.15417045616944e-05,3.80202583737113e-05,1.3622859960846e-05,4.39489672417231e-06,9.02063186492003e-07,7.81354679022624e-07,1.54153566727497e-06,1.12165679038509e-05,7.00962274918649e-05,1.02890126571998e-06,1.32451307353776e-06,0.000131484141985078,0.000304604183784945,0.000201745420279258,3.65479696807248e-06,3.00920868051591e-06,8.65291844723009e-06,0.0118639710705967,0.000158356210955393,0.0560955653123635,0.000839972803877448,8.27864249224637e-05,9.75370011729243e-05,4.96489681889224e-05,9.44215207811823e-05,0.000158438477252362,0.000102797723653919,0.000127195138164898,0.0331506991846961,0.00915514645348827,0.00468713334616421,0.00237781168644068,0.000967455357010343,0.000866607329523906,0.00805472969997444,0.078402334993076,0.116850989413648,0.0544159615322957,0,0.239545417383494,0.00327862295691439,0.00421096703378654,0.00504233844688116,0.0355332254533006,0.0329786519855073,0.0076322177556609,0.147066351499643,0.203950214974816,0.149701200061653,0.366447255889763,0.228293046663393,0.00194814701206714,0
6.70738666460795e-06,6.01682874038419e-06,1.33466043559168e-05,1.68486656878477e-05,5.92741873753733e-06,1.95190254817793e-06,4.0717543382742e-07,3.5384825625456e-07,7.07911547241596e-07,4.89331829749666e-06,2.93001773229294e-05,4.65605102040455e-07,5.98921819171494e-07,5.55704086846521e-05,0.00012554823884754,8.28049335210677e-05,1.62070690471214e-06,1.34072650479627e-06,3.7752739689498e-06,0.00445671395051003,6.56064791591302e-05,0.0195986246762948,0.000332280918884007,3.39180344470677e-05,4.0798889288653e-05,2.13401277141085e-05,3.85052924262975e-05,6.47685362967807e-05,4.2692264119044e-05,5.40690339305832e-05,0.0142756519439271,0.0277191099427952,0.0136358666450608,0.00666629471759562,0.00209308286314188,0.00232397003107843,0.0037474994692893,0.0331901306499423,0.0461085793214321,0.194088936582394,0.171180984385904,0,0.00354179054699055,0.0026112282987089,0.00545167119416279,0.0385817095502384,0.0193084255237319,0.00463676885587632,0.133249867806527,0.226038870635385,0.0500298721651297,0.0938072144891429,0.069156658145337,0.00122701699813993,0
2.13941250824556e-07,1.87686277130764e-07,3.85289746300498e-07,5.68931461955994e-07,1.87894210277701e-07,6.64204451876145e-08,1.46706009189535e-08,1.28991747203413e-08,2.71340710074631e-08,1.56520073462105e-07,8.12708373776813e-07,1.69278898393035e-08,2.17158764118801e-08,1.5979509409009e-06,3.3288693094028e-06,2.16655628462489e-06,5.48546609623619e-08,4.61330868099436e-08,1.20798130118191e-07,8.98069473151337e-05,1.76834215684292e-06,0.000328174033376567,7.76290675179008e-06,8.82431946221981e-07,1.13421745655347e-06,6.49011663955229e-07,9.87241116398955e-07,1.6732857427344e-06,1.15970701409789e-06,1.58471034072175e-06,0.000209888340010703,0.00474079567956514,0.00948074529624984,0.0124953983856904,0.260075678799493,0.043921112240847,7.05553847935105e-05,0.00046505940129582,0.000542765756245386,0.000874712497490755,0.00140673199702574,0.0021265476202242,0,0.000118282853796032,0.63730856504004,0.258585168112963,0.000661730628580834,0.000189227712174642,0.00288997822331917,0.00767047574100919,0.00139676996579394,0.00137082862045964,0.000866452467938998,6.03732296977497e-05,0
4.37505934632888e-08,3.80632295181567e-08,7.59447673418782e-08,1.18883213687875e-07,3.83348290883995e-08,1.39201316135287e-08,3.14323957097578e-09,2.77634351647546e-09,5.95668145149217e-09,3.20419787454353e-08,1.57907385840975e-07,3.6396610436721e-09,4.66418338708228e-09,3.14528024661574e-07,6.36550154127399e-07,4.12368178252522e-07,1.14726000974944e-08,9.70971022027534e-09,2.47322712170767e-08,1.56804277086498e-05,3.40105712178871e-07,5.42405419601729e-05,1.42152902020992e-06,1.67624434004658e-07,2.20554233248816e-07,1.30389901239758e-07,1.86584026551513e-07,3.17078717622099e-07,2.23661610763869e-07,3.14089286907805e-07,2.04255802670173e-05,1.12996590383489e-05,6.55724669719313e-06,3.77771245649024e-06,3.38801145939552e-06,1.62769158466604e-06,7.48074624945024e-06,4.45758599283659e-05,4.94433792400996e-05,4.51081660562068e-05,0.000145520878260343,0.000126275953605391,9.52676317846707e-06,0,1.40572669258586e-05,8.13872109370815e-05,0.084899321558702,0.129299111075607,0.00124563377168075,0.000219970819966885,0.00189078617825829,0.000282334944003394,0.00012921527294832,0.615988045198128,0
2.64909030704618e-07,2.32678297663846e-07,4.79624071365404e-07,7.02290514158687e-07,2.32734604648169e-07,8.19549667530164e-08,1.80448383878483e-08,1.58556862713364e-08,3.3259884381845e-08,1.93778721762463e-07,1.01381228499781e-06,2.08108775248319e-08,2.6701174071525e-08,1.98960244042966e-06,4.16230268421662e-06,2.7108370846253e-06,6.77040850523427e-08,5.68880590248533e-08,1.49550686574193e-07,0.000113821257101959,2.20920087128617e-06,0.000419429557499035,9.76871496142873e-06,1.10443676194882e-06,1.41471143843513e-06,8.0568521496018e-07,1.23653693417682e-06,2.09500673198731e-06,1.44824569371061e-06,1.97113263113422e-06,0.000269728068771788,0.00220510485165473,0.00430880171535345,0.00563637174305185,0.10182237384525,0.0188209864414004,8.97040722968209e-05,0.000598809747821773,0.000703493307048246,0.000895439875965132,0.00184414178565415,0.00279012922294445,0.543240550480648,0.000148771499944449,0,0.359596922295291,0.000846314651495778,0.000239542016999714,0.00378240550740303,0.0101923194146171,0.00180628235638566,0.00179254939972789,0.00112046980790166,7.55366087826795e-05,0
6.54061881553173e-07,5.77542700437266e-07,1.21249282853976e-06,1.71041346313973e-06,5.75474147050165e-07,1.99228778025675e-07,4.32629121627406e-08,3.79062840587644e-08,7.85449407334228e-08,4.78118450930804e-07,2.58696960257407e-06,4.97850721382327e-08,6.39184120505832e-08,5.03433900387143e-06,1.07326053905354e-05,7.01140116986629e-06,1.6479902949844e-07,1.37921515716951e-07,3.6896328349961e-07,0.000312059425317012,5.67489935360217e-06,0.00119545735783165,2.59248879079862e-05,2.86028049708535e-06,3.60805053820043e-06,2.01190204791869e-06,3.21315193945227e-06,5.43440853584273e-06,3.71349002133666e-06,4.96531782558642e-06,0.000788881564871109,0.0006284882708943,0.00119064094313034,0.00154225743957485,0.0236660952252986,0.00483031873622487,0.000249532828943509,0.0017675662913559,0.00214349613950468,0.00273654982290869,0.00594356682643805,0.00903080226864685,0.100808287996754,0.000393935590027787,0.164462227769491,0,0.00241986106597383,0.000653172369368501,0.0120908194722628,0.0352322070346043,0.00544349307220307,0.0057046649485791,0.00337649787553272,0.000195329342248259,0
6.14522620856883e-07,5.42423443985317e-07,1.13727179634201e-06,1.60858227008136e-06,5.40628543507407e-07,1.8739227867343e-07,4.07326392881948e-08,3.56965056931897e-08,7.40303900287767e-08,4.49236901727641e-07,2.42485090665633e-06,4.68806471610638e-08,6.01866392197205e-08,4.72170648576898e-06,1.00524526229028e-05,6.56561979251416e-06,1.54993762074195e-07,1.29752146033562e-07,3.46677411015338e-07,0.000290981463088202,5.31672112302637e-06,0.00111151281780304,2.42313710716181e-05,2.67817311712755e-06,3.38207162140332e-06,1.88874938044785e-06,3.00784925687842e-06,5.08782086340764e-06,3.47956040013854e-06,4.6584679420047e-06,0.00042738330643703,0.000223876173891893,0.000124649200680533,6.87507596429456e-05,5.93335226545729e-05,2.79101123160187e-05,0.00013923716535393,0.000952384455646658,0.00113336299410184,0.00100792423399001,0.00385429369630051,0.00315784721501735,0.000180249160742235,0.287126091450483,0.000270446551859696,0.00169079057578756,0,0.704784555450279,0.0397250901070781,0.00570075456454604,0.0589729309053869,0.00793685604326159,0.00303082261905106,0.108813243584326,0
1.36568265917377e-07,1.19514593917816e-07,2.43286509761731e-07,3.65488328718323e-07,1.19859111104759e-07,4.27062756332372e-08,9.49401230307293e-09,8.35879974060001e-09,1.7684957233916e-08,9.99449545751442e-08,5.10989120802623e-07,1.09661001320555e-08,1.40634587469325e-08,1.0085832585916e-06,2.08309914853428e-06,1.35388090048543e-06,3.52485317388395e-08,2.96993078904765e-08,7.71377752455239e-08,5.46822045436663e-05,1.10848025225257e-06,0.000196498725106575,4.79521937095193e-06,5.51106233164317e-07,7.13308991774609e-07,4.12130841125729e-07,6.15628720539343e-07,1.04425843835378e-06,7.2755516172368e-07,1.00228165554336e-06,7.45830963996752e-05,4.04124618389405e-05,2.30812784880827e-05,1.30745680543391e-05,1.15508655334871e-05,5.50347489922099e-06,2.61179188378577e-05,0.000164053363276175,0.000186800667748226,0.000168817446731244,0.00057927033446261,0.00049246835574467,3.34730574951836e-05,0.283976635024908,4.97107048993327e-05,0.000296377903394133,0.457693778131267,0,0.00528311320476869,0.000868899090040599,0.00796063826509899,0.00114753269632527,0.00049233339218167,0.251829808508652,0
3.85042178194646e-06,3.43995379903829e-06,7.52196331423114e-06,9.77260800548002e-06,3.39882459180201e-06,1.13372203912285e-06,2.38932112724208e-07,2.08071880453981e-07,4.19981245431986e-07,2.81048951812021e-06,1.63898786821588e-05,2.73657864228928e-07,3.51844598474727e-07,3.12958769453623e-05,6.96312299777015e-05,4.58085830899152e-05,9.40442764349251e-07,7.80291896840373e-07,2.16847015419164e-06,0.00234067945491415,3.65004043484139e-05,0.00989185727440676,0.000179816900872081,1.87434502593847e-05,2.28317487920563e-05,1.21438812876407e-05,2.12187675284625e-05,3.57436438429426e-05,2.37870857170489e-05,3.05587753991744e-05,0.00582432523217419,0.00372795863719387,0.00195830290676424,0.00101845774079279,0.000836078412302468,0.000382887622862848,0.00163706223143096,0.0133512607480161,0.0175730409444,0.0202103486931976,0.0614326813620566,0.0778906427243366,0.00281359013746125,0.0150568131773985,0.00432008134542369,0.0301946062963456,0.141983912399933,0.0290767280486455,0,0.151710006645335,0.186716908126553,0.105811704920151,0.0314632862476559,0.00664806076113602,0
5.19531540069086e-06,4.65157089650625e-06,1.02492413887548e-05,1.31135010087008e-05,4.58875170167129e-06,1.52017141718845e-06,3.18629489172664e-07,2.77167213205542e-07,5.56796287755744e-07,3.79111010208349e-06,2.24215763550802e-05,3.64625142079115e-07,4.68923016595954e-07,4.26595372380721e-05,9.56896134235939e-05,6.30365465876523e-05,1.26166161274348e-06,1.04515166621057e-06,2.92498580004429e-06,0.00331048068382744,5.00769851565385e-05,0.0142837721137669,0.00025034426805215,2.58074566013042e-05,3.12270622455234e-05,1.64620136749151e-05,2.92591645318261e-05,4.92497572787611e-05,3.26092990555935e-05,4.1576112849182e-05,0.0102552865717811,0.00719495370586866,0.00371086126747975,0.00189587033947836,0.0027657095400808,0.000697012011406364,0.00276481777020459,0.0237096979533262,0.0322280292282581,0.0416156290455019,0.113169774628359,0.175518039741525,0.00991993197312064,0.00353205852943746,0.0154638273836421,0.116878226845624,0.0270661648274471,0.00635250609997475,0.201527518777084,0,0.0722898126017012,0.0932956500177198,0.0487305009482603,0.00164363123733595,0
4.11957298473898e-06,3.68219608528897e-06,8.06535846667632e-06,1.04428657623634e-05,3.63689810491299e-06,1.21127803443746e-06,2.54965313231387e-07,2.21979037046387e-07,4.47576322012163e-07,3.0067635555604e-06,1.75894815841552e-05,2.91965242216148e-07,3.75404220508576e-07,3.35596244104812e-05,7.48030335189873e-05,4.92256950772147e-05,1.0048928952321e-06,8.3347149413015e-07,2.31989114891504e-06,0.00253056985982139,3.91970002229247e-05,0.0107430936302929,0.000193730179492346,2.01442015225829e-05,2.4501607961011e-05,1.30062531415571e-05,2.28120363866353e-05,3.84209463392753e-05,2.55399935212917e-05,3.27554173635058e-05,0.00299101364628301,0.00100416040220998,0.00054378767091189,0.00029151892372592,0.000245500703304236,0.000113964542556339,0.000878332096020321,0.00679718334234195,0.00866670061923791,0.00492466224400926,0.0360483633122638,0.0168586195621636,0.000783908307994507,0.0131752608659725,0.00118927857078658,0.00783655932227253,0.12150693808318,0.0252567592308459,0.107636052960511,0.0313711966362187,0,0.0963210428483094,0.0344274067751652,0.00584815954426506,0
1.38271623216783e-05,1.24740495182477e-05,2.82306266761466e-05,3.42401116428496e-05,1.22385000259529e-05,3.95909844854297e-06,8.14363028389479e-07,7.05696345645209e-07,1.39483753428162e-06,1.00802890558432e-05,6.26344972870995e-05,9.29181085863639e-07,1.19602209875418e-06,0.000117662836917597,0.000271661619420923,0.000179824345233731,3.29171355458255e-06,2.71195891439716e-06,7.77644789079392e-06,0.01044605971083,0.000141328909904521,0.0488786736385579,0.00074493443002749,7.37730429764325e-05,8.71624336872648e-05,4.45306858078034e-05,8.40880328282377e-05,0.000141145633446938,9.17745441637244e-05,0.000113913187963035,0.0161504258643433,0.00481002099450973,0.00250954728852693,0.00129647949303729,0.000770842112880531,0.00048332702780296,0.0041956659504663,0.0376327171668285,0.0527436588290749,0.0267000957513815,0.296391554094401,0.106175163347894,0.00258414942659948,0.00660808343125866,0.00396426946376801,0.0275849355491059,0.0549276410913503,0.0122289419500959,0.204881105618327,0.135990778939906,0.323530520487663,0,0.187015495349356,0.00300984160308501,0
5.28890330757476e-05,4.82774093506021e-05,0.000113963803715239,0.000127175628681338,4.69650381954227e-05,1.46476649815279e-05,2.92834969213094e-06,2.52310455616505e-06,4.86765264209372e-06,3.85002870464798e-05,0.000258631529797094,3.32647745906345e-06,4.2874577456164e-06,0.000476029688138229,0.00115167329989093,0.000768417843266143,1.22116977539392e-05,9.97748779487237e-06,2.96958878643705e-05,0.0533422233000582,0.000593363333150569,0.295580401083975,0.00341904948573528,0.000316321887149135,0.000359445473763661,0.000174697735199772,0.000363762853478442,0.000607772411815085,0.000383561804833891,0.000455999365557957,0.00765881862207242,0.00201181175402508,0.00107298583177486,0.000566477024863393,0.000245155437551818,0.000217095228124133,0.0135207679399748,0.0764861145821448,0.0235477966051752,0.0103641468589217,0.0884908135545733,0.0375121408268234,0.000782763121727924,0.00144935871922375,0.00118752660063305,0.00782455172941803,0.0100520379291608,0.00251439938139286,0.0291960051933408,0.0340408265145054,0.055417833723111,0.0896249127216984,0,0.000693411207945879,0
1.5118308545376e-08,1.30865428464183e-08,2.56651871268974e-08,4.16264352944971e-08,1.32281211548155e-08,4.88290586051187e-09,1.11768957362489e-09,9.90018155011959e-10,2.15031279955018e-09,1.10794648360698e-08,5.29059777614728e-08,1.29703093396332e-09,1.66104127977611e-09,1.06202924649153e-07,2.11252112484724e-07,1.36475062649356e-07,4.01928208164574e-09,3.41491213629225e-09,8.5525708570388e-09,4.93500757171139e-06,1.13260203098064e-07,1.65504300817201e-05,4.59876426138389e-07,5.54109855638415e-08,7.39312260239011e-08,4.45746307874404e-08,6.14931700276819e-08,1.04664140247584e-07,7.46049442035363e-08,1.06497679644e-07,6.19311864162315e-06,3.48382659483015e-06,2.04802008764228e-06,1.19636955088822e-06,1.08638692655625e-06,5.25548422972892e-07,2.3521222221944e-06,1.34309343150801e-05,1.45923923786714e-05,1.34121823039757e-05,4.12571862023514e-05,3.63630920312545e-05,2.97990485193732e-06,0.377491082250273,4.37394226192305e-06,2.47304971780515e-05,0.0197173129565292,0.070267496130323,0.000337044081577695,6.27301002084777e-05,0.000514324036253183,7.88074307861465e-05,3.78846458365726e-05,0,0
8.39773019842739e-10,5.19547065644475e-10,3.44634951352953e-10,5.76022633181594e-09,6.68439108948511e-10,7.69288259197547e-10,4.8403564661528e-10,5.33270713982588e-10,3.09491256195172e-09,6.42691281710125e-10,4.25768744282328e-10,6.64453948812785e-10,8.08830948294738e-10,1.35463806998064e-09,9.88190297102762e-10,5.47700019367691e-10,5.78383915051057e-10,6.50434610671464e-10,4.98672783596954e-10,1.64993057032935e-09,6.42936454435895e-10,1.5344713016051e-09,5.59981905262404e-10,2.08486340504866e-10,6.11999357927946e-10,1.22403100147086e-09,1.96422297173106e-10,3.63899066378165e-10,4.64933495757552e-10,1.75081580067967e-09,4.50594133502156e-10,4.87337334390206e-10,4.91137004464698e-10,5.28853239709501e-10,8.58174346674737e-10,5.81078122073906e-10,7.53922739523988e-10,7.73122190340538e-10,4.04758819019559e-10,4.80045380088384e-10,3.26779083046122e-10,4.5728462259576e-10,7.61613019238691e-10,9.45607230033615e-09,8.93494603776113e-10,1.95362737063048e-09,2.79603333452901e-09,4.30550119939585e-09,7.82290572777676e-10,5.88908694529018e-10,1.35704415935046e-09,4.04017242091469e-10,8.43041096107242e-10,1.54303711145007e-08,0
