0,0.499624891934443,0.0124524534436589,0.00267064373312363,0.000126860121856418,1.67773510927381e-06,1.0602161477704e-09,3.44129694374148e-10,1.47923227486104e-10,3.29197922084081e-05,8.83722660180766e-05,1.05688875383353e-09,9.20933989363679e-10,3.06524948476105e-11,6.38670342049365e-12,2.28603940303059e-12,3.39432151119991e-07,9.36162881332106e-08,2.54181080280394e-05,1.73263045860495e-09,4.01180485760296e-13,1.19923850578737e-11,9.91434453709596e-07,1.81175528944406e-05,1.24459114457221e-06,7.66785977993768e-09,7.8786247032484e-06,1.88227775629076e-06,2.00879070771722e-06,8.66862241461218e-08,0,0,0,0,0,0,0,0,0,0,0,0,0,0,0,0,0,0,0,0,0,0,6.57349062212751e-15,0,0
0.9735144915767,0,0.465103885712801,0.00920806983813295,0.00041133839298965,5.85137348080881e-06,3.88926152256715e-09,1.27470882219804e-09,5.70129476174446e-10,0.000108860308183715,8.83722660180766e-05,3.91291877013338e-09,3.4158255569884e-09,1.88229118090898e-10,3.94754381959194e-11,1.40273819969216e-11,1.18662355748791e-06,3.32181461998522e-07,8.4083276871725e-05,1.03127707775521e-08,2.50128983374191e-12,7.45819324737675e-11,5.32747907515076e-06,8.8748913305401e-05,6.67358771814957e-06,4.44603833781997e-08,3.91765414972742e-05,9.81292995289994e-06,1.05508637814991e-05,4.96279283026179e-07,0,0,0,0,0,0,0,0,0,0,0,0,0,0,0,0,0,0,0,0,0,0,3.61541984217013e-14,0,0
0.0260643788527103,0.499624891934443,0,0.470083573260619,0.971047611067057,0.000443924420171707,3.62127462719622e-07,1.23355640250221e-07,6.44962625422478e-08,0.012034725705959,8.83722660180766e-05,4.62659566004726e-07,6.60456585774768e-07,5.52000196388694e-08,1.18526451789536e-08,4.1036996250441e-09,0.000173360727280704,5.21409202982712e-05,0.00931272720830449,2.70309971094083e-06,7.75441825012416e-10,2.28836798139864e-08,0.00095236167553215,0.0108750650137084,0.00118316241556318,1.05906384842062e-05,0.00511895479486293,0.00155714578923169,0.00172468772853287,0.000112791828471386,0,0,0,0,0,0,0,0,0,0,3.08421061685879e-15,0,0,0,0,0,0,0,0,0,0,2.43301722021307e-15,1.29793572333908e-11,0,0
1.27574597129936e-06,2.2574518722295e-06,0.000107282990635985,0,0.000194202455956015,2.6351236453764e-06,1.69529285563589e-09,5.52166065923399e-10,2.40700624347365e-10,4.38769172094008e-06,4.98559955291713e-05,1.69550746794761e-09,1.02866718002714e-10,1.94941900040106e-13,4.03409346112146e-14,1.46766782423638e-14,4.15671540346452e-08,1.12039457620802e-08,3.38602792665807e-06,1.19438970101421e-11,2.56345358313288e-15,7.54669540255213e-14,8.77736420408756e-09,1.99172065170277e-07,1.10749587871011e-08,5.64068339653738e-11,8.36912178226156e-08,1.79079450197845e-08,1.87774688822151e-08,6.57989039053437e-10,0,0,0,0,0,0,0,0,0,0,0,0,0,0,0,0,0,0,0,0,0,0,0,0,0
0.000127182401380606,0.000211642454812392,0.465103885712801,0.407575777236905,0,0.0777548428196028,8.99835177567153e-05,3.26188785434147e-05,2.17534221792123e-05,0.000927034441641068,0.00574995724346079,9.96131178886179e-05,6.65658077563537e-06,5.12442925061947e-11,1.06958487085098e-11,3.82063288005215e-12,1.13090321103862e-05,3.26091728365796e-06,0.00071656032560205,2.87160954880628e-09,6.73226997270274e-13,2.01153735638935e-11,1.59751381767302e-06,2.84655898505938e-05,2.00425810742072e-06,1.26168180229441e-08,1.2429027640448e-05,3.0079186252574e-06,3.21664014952128e-06,1.4213507783122e-07,0,0,0,0,0,0,0,0,0,0,0,0,0,0,0,0,0,0,0,0,0,0,9.86023593319127e-15,0,0
4.54045156680545e-07,8.12709095381036e-07,5.73974023273102e-05,0.00149289204356941,0.0209894571064573,0,0.0637453913893425,0.0263152152176501,0.0278227572356438,3.76739358272961e-06,0.00645487939839943,0.0798428913551705,0.00706466290920405,9.32330826278765e-14,1.8336788459643e-14,7.04480555633463e-15,5.29745907173266e-05,0.000107199016266577,2.90722800988567e-06,5.80186136410382e-12,1.28172679156644e-15,3.43031609206915e-14,4.40537111117272e-09,1.02752518044184e-07,5.56219808072342e-09,2.76347416530207e-11,4.2991170239734e-08,9.0715265074096e-09,9.49055192411954e-09,3.2368902067786e-10,0,0,0,0,0,0,0,0,0,0,0,0,0,0,0,0,0,0,0,0,0,0,0,0,0
2.20980047546036e-09,4.16032675540226e-09,3.60601606326013e-07,7.39699169220979e-06,0.00018707670789789,0.490943806627762,0,0.958175348511224,0.161681326461004,2.7271064659585e-08,0.0641249332945501,0.0149132688716526,0.0012051512197028,0,0,0,8.10515858065256e-06,1.65918221290834e-05,3.36215608383758e-07,1.88985712185792e-14,0,0,1.77994024399515e-11,5.03964133402738e-10,2.25794417738429e-11,9.35794846286191e-14,2.04640111779531e-10,3.91421307797989e-11,4.03005212630017e-11,1.13880657109346e-12,0,0,0,0,0,0,0,0,0,0,0,0,0,0,0,0,0,0,0,0,0,0,0,0,0
6.76631956122717e-10,1.2863021461825e-09,1.15876912470915e-07,2.27275080405032e-06,6.39731131061006e-05,0.191188439238657,0.903892330210313,0,0.806109406447963,2.33659734804364e-08,0.00645487939839943,0.013055905535113,0.0010483592588994,0,0,0,6.99540903466571e-06,1.43321690430446e-05,2.89000446280654e-07,9.44928560928961e-15,0,0,5.25582079625436e-12,1.54541570398667e-10,6.67380547172534e-12,2.51944766307821e-14,6.23918173568368e-11,1.17080275920101e-11,1.201684765506e-11,3.21545384779331e-13,0,0,0,0,0,0,0,0,0,0,0,0,0,0,0,0,0,0,0,0,0,0,0,0,0
2.84491569853555e-12,5.62740496424193e-12,5.92618389027799e-10,9.69085277046612e-09,4.17309930685686e-07,0.00197723158626931,0.00149188120677652,0.00788490854854083,0,1.10054336462578e-10,2.29667046621139e-10,0.00011589645155999,7.78079958713725e-06,0,0,0,4.11807600609459e-08,8.65337212405543e-08,1.50322214544604e-09,0,0,0,1.96204229444866e-14,6.53753173476806e-13,2.40064945026091e-14,0,2.57756036370817e-13,4.47796534691823e-14,4.53572923993773e-14,0,0,0,0,0,0,0,0,0,0,0,0,0,0,0,0,0,0,0,0,0,0,0,0,0,0
3.41381061285177e-05,5.79366720233707e-05,0.00596246829022338,0.00952511431145213,0.000958906609067704,1.44360267502949e-05,1.35683108235483e-08,1.23235508740256e-08,5.93412200118327e-09,0,0.0030741564019036,9.01853860538271e-05,0.00012702255979431,2.42066985441105e-11,5.03894946870989e-12,1.8055249573756e-12,0.0224756686546252,0.00751639072684497,0.755479069306582,1.3737087940217e-09,3.15945654121128e-13,9.45395114974258e-12,7.9614078847316e-07,1.47149066589602e-05,9.99693953606793e-07,6.09939563334308e-09,6.3872784629373e-06,1.51716292660798e-06,1.61764864842304e-06,6.90642374809509e-08,0,0,0,0,0,0,0,0,0,0,0,0,0,0,0,0,0,0,0,0,0,0,3.28674531106376e-15,0,0
7.33411013897351e-05,3.76399531524718e-05,3.50392639595697e-05,0.0866164898963189,0.00475985973675667,0.0197944716604162,0.0255328747374862,0.00272451505926728,9.91053487891966e-09,0.00246022629838295,0,7.61681471136998e-08,1.09140179634296e-07,7.30683094391976e-07,1.58888754260343e-07,5.42502494027147e-08,3.18164339230005e-05,9.31307823996849e-06,0.00190238928116342,3.36664118578958e-05,1.05742534003522e-08,3.10338549471622e-07,0.00951816046036569,0.0843672339016868,0.0117652406191881,0.00012509872306626,0.0416392092725115,0.0144463440445014,0.016306026132862,0.00129756438961667,0,0,0,0,0,0,0,5.22813312618328e-15,4.05103944774084e-16,0,4.90389488080547e-14,1.33276138179249e-15,0,0,0,0,0,0,0,1.22710631241722e-15,0,3.81172697833382e-14,1.95045326994457e-10,0,0
7.20227214369926e-10,1.36849347091726e-09,1.50629260531626e-07,2.41875404582379e-06,6.77103233821551e-05,0.201048506867492,0.00487589618769357,0.00452498239480243,0.00410655233798586,5.92644257478726e-05,6.25435034861476e-08,0,0.925644146815129,0,0,0,0.0110302755875572,0.0213281356171608,0.000597197652604437,9.44928560928961e-15,0,0,6.96402386885873e-12,2.03028532375381e-10,8.84105844765533e-12,3.59921094725458e-14,8.20745711313618e-11,1.54685084160499e-11,1.58875255951919e-11,4.28727179705775e-13,0,0,0,0,0,0,0,0,0,0,0,0,0,0,0,0,0,0,0,0,0,0,0,0,0
5.72760085141339e-10,1.09028885607099e-09,1.96243854404498e-07,1.33927844055606e-07,4.12946274923037e-06,0.0162352893371431,0.000359606174028754,0.000331607253793978,0.000251614372209148,7.61803150804381e-05,8.17894844751079e-08,0.844788613189833,0,0,0,0,0.013890741193777,0.0267872889603438,0.000761107577170007,9.44928560928961e-15,0,0,9.25225569475948e-12,2.67386772591057e-10,1.1743176894193e-11,4.67897423143096e-14,1.08235925741053e-10,2.04892166305796e-11,2.10599578271859e-11,5.76102147729635e-13,0,0,0,0,0,0,0,0,0,0,0,0,0,0,0,0,0,0,0,0,0,0,0,0,0
4.4704052243119e-12,1.40886544665898e-11,3.84616439538169e-09,5.95165857732231e-11,7.45460555828782e-12,5.0242987283442e-14,0,0,0,3.40435065324115e-12,1.28404039560775e-07,0,0,0,0.142756881245059,0.00162155103326668,2.13071997229021e-14,5.41593222418183e-15,2.62054312864153e-12,3.49366806830497e-06,0.000379376380906633,2.98196691820353e-08,7.25278088541784e-06,8.06689302799428e-07,0.00145095970927119,0.540932217187806,1.26505673515903e-06,3.10671315224153e-07,2.38439324751002e-07,9.30587177634735e-09,0,0,0,0,0,0,0,0,0,0,4.00947380191643e-15,0,0,0,0,0,0,0,0,0,0,3.2440229602841e-15,1.70812153815983e-11,0,0
2.15269202215932e-12,6.82863277550309e-12,1.90865740991589e-09,2.84644540654545e-11,3.59599025979928e-12,2.28377214924736e-14,0,0,0,1.6378073520845e-12,6.45307742189461e-08,0,0,0.329929493034564,0,0.10959713520783,1.03656647300605e-14,2.70796611209092e-15,1.2607294273911e-12,0.00044845642692061,0.0297730409179057,4.57004846552694e-06,0.000813200861295946,4.14092151846393e-07,2.90779100380729e-06,0.00173241088723008,8.17538214209255e-07,1.76948468237366e-06,1.75120290560633e-07,3.04895764755457e-08,0,0,0,0,0,0,0,9.14923297082073e-14,5.2663512820631e-15,0,8.85785289161844e-13,3.13198924721235e-14,0,0,0,0,0,0,7.9366873704262e-15,1.59523820614239e-14,2.82008549198459e-14,6.91382393410548e-13,3.23226093404225e-09,0,0
4.81342677823048e-12,1.51582452190516e-11,4.12813384314086e-09,6.46919410578512e-11,8.02424296614905e-12,5.48105315819367e-14,0,0,0,3.665994549735e-12,1.37638826309386e-07,0,0,0.0234110134975737,0.684643844779557,0,2.30348105112456e-14,5.41593222418183e-15,2.82201448548883e-12,0.000916432041986837,0.969749818172306,9.62921769626426e-06,0.00162223075248958,8.62821800637453e-07,2.14178844698377e-07,9.71804630583896e-05,1.69402641383789e-06,3.67721556472772e-06,3.7074031005228e-07,6.62869562085413e-08,0,0,0,0,0,0,0,2.09125325047331e-13,1.21531183432225e-14,5.05178499770068e-16,1.98191374239346e-12,7.13027339258981e-14,0,0,0,0,0,0,1.58733747408524e-14,3.55860830600994e-14,6.34519235696534e-14,1.55023747214576e-12,7.0554589545419e-09,0,0
3.64297969516718e-07,6.53609546377113e-07,8.88918698139954e-05,9.33911699404377e-05,1.21067427607262e-05,0.000210085331223272,4.17355981786988e-06,3.81844493099143e-06,2.29807979503084e-06,0.0232613039510245,4.11456415990305e-05,0.0173720026371203,0.0239709337159404,1.5680109351052e-13,3.30062192273574e-14,1.1741342593891e-14,0,0.866113676083601,0.176625714767143,9.60992346464753e-12,1.92259018734966e-15,6.17456896572447e-14,7.13239284952754e-09,1.6320566796127e-07,9.00119510292913e-09,4.55012247951924e-11,6.84886461788601e-08,1.45927870754438e-08,1.52908407752534e-08,5.31434134694039e-10,0,0,0,0,0,0,0,0,0,0,0,0,0,0,0,0,0,0,0,0,0,0,0,0,0
8.54666360258411e-08,1.55640361824997e-07,2.27421454284267e-05,2.14125278930085e-05,2.96949828672318e-06,0.000361626575285747,7.26742616383009e-06,6.6546735968704e-06,4.10768890939822e-06,0.00661716862852132,1.02448831200777e-05,0.0285731312244669,0.0393214670427903,3.39029391374097e-14,7.33471538385719e-15,2.34826851877821e-15,0.736743503572843,0,0.054397578934774,2.0032485491694e-12,3.2043169789161e-16,1.37212643682766e-14,1.59517349485048e-09,3.86873798890463e-08,2.01594670955074e-09,9.66748060432581e-12,1.60886456796278e-08,3.32828275976585e-09,3.47086644785292e-09,1.13894054833712e-10,0,0,0,0,0,0,0,0,0,0,0,0,0,0,0,0,0,0,0,0,0,0,0,0,0
3.32955514161814e-05,5.6526782449593e-05,0.00582810569604491,0.00928507203194379,0.000936254358752041,1.4071695551628e-05,2.11301321702411e-07,1.92535646642414e-07,1.02384244036565e-07,0.954295966708815,0.00300269308951258,0.00114794434178867,0.00160304160168257,2.35371154961467e-11,4.8995898764166e-12,1.75562425135156e-12,0.215572396013774,0.0780508017707755,0,1.33631797086574e-09,3.07293998278054e-13,9.19324712674532e-12,7.75641908916115e-07,1.43552571563617e-05,9.7398435836252e-07,5.935699920251e-09,6.22982535114152e-06,1.4787516768746e-06,1.5765222921962e-06,6.72233231644674e-08,0,0,0,0,0,0,0,0,0,0,0,0,0,0,0,0,0,0,0,0,0,0,3.28674531106376e-15,0,0
1.13327522789307e-10,3.46183577998947e-10,8.44693328559446e-08,1.63541226994248e-09,1.8734967460693e-10,1.40223609963788e-12,5.93061558298598e-16,3.14338857803534e-16,0,8.66446577234311e-11,2.65335186683934e-06,9.06960088554654e-16,9.9376611409995e-16,1.56685940058806e-06,8.7025104053647e-05,2.84681377352175e-05,5.85660057248418e-13,1.43522203940819e-13,6.67261809961262e-11,0,6.10113892038647e-06,0.588710400241044,0.0232366180230967,1.50291577641243e-05,4.14311056679529e-06,2.69775437301067e-08,2.87961124134003e-05,6.33108137920657e-05,6.92074840504264e-06,1.38657702491393e-06,3.37640937479741e-11,1.78385020997301e-13,8.94184915646374e-15,4.07429519450586e-16,0,0,5.0304896787739e-11,6.00865406022066e-08,3.91248579654921e-09,1.31566667766117e-10,4.38331403649123e-07,2.10250291561613e-08,6.95018502185124e-16,0,2.31482198483412e-15,4.01050575929761e-12,5.44570243910109e-12,0,5.94907894218826e-09,1.15867955124979e-08,2.19528638595756e-08,3.56532817948227e-07,0.000945885895990981,0,0
7.73807181092008e-13,2.47604549635717e-12,7.14578137444442e-10,1.03507105692562e-11,1.29524696311303e-12,9.13508859698946e-15,0,0,0,5.87655767523769e-13,2.45760019612754e-08,0,0,0.00501743992427951,0.17037701223198,0.888345700538036,3.45522157668683e-15,6.76991528022729e-16,4.52484850624276e-13,0.000179917918795243,0,1.7666365320636e-06,0.000335822359474007,1.62264876213204e-07,3.81744247012378e-08,1.86567075921641e-05,3.22525725472002e-07,6.9562256846289e-07,6.73045176741906e-08,1.13424196640203e-08,0,0,0,0,0,0,0,3.26758320386455e-14,2.02551972387042e-15,0,3.17982114598141e-13,1.13284717452361e-14,0,0,0,0,0,0,2.64556245680873e-15,6.13553156208611e-15,7.05021372996149e-15,2.47762253591698e-13,1.19651004978496e-09,0,0
1.08036338063006e-12,3.44825654508055e-12,9.84912615342272e-10,1.42322270327273e-11,1.80755073576744e-12,1.14188607462368e-14,0,0,0,8.21287675099142e-13,3.36874842914406e-08,0,0,1.841984824142e-08,1.22146195443079e-06,4.11988067748298e-07,5.18283236503025e-15,1.35398305604546e-15,6.32252033197632e-13,0.810842581810206,8.25122712211961e-08,0,0.000448533871966663,2.20394808680432e-07,5.23440166827637e-08,2.82660432531691e-10,4.37120696881983e-07,9.43846521641845e-07,9.19869946233328e-08,1.56655571692053e-08,1.59758290307985e-08,1.02375472888538e-10,5.46580249090103e-12,2.63199469565078e-13,2.97276598146188e-15,3.3301691430226e-15,2.38529092190219e-08,2.19190172147675e-05,1.53634266560195e-06,6.01193038647037e-08,0.000132795470367712,7.81139884247266e-06,3.73919954175597e-13,0,1.28163977226982e-12,2.31497210238245e-09,3.16769084924639e-09,1.27720767044091e-12,2.49053625618399e-06,4.55453331482748e-06,9.06322298066705e-06,0.000111119286888662,0.193355661353993,0,0
4.99693904498463e-07,1.37804513996115e-06,0.000229323996687337,9.26095800223202e-06,8.03124308859754e-07,8.20440120318387e-09,4.30414425935208e-12,1.34725634454595e-12,5.1418023892628e-13,3.869435219094e-07,0.00578044974981666,5.15062634290188e-12,7.49796533088412e-12,2.50647592695635e-05,0.00121599761317874,0.000388313077352456,3.3494347852842e-09,8.80648858423223e-10,2.98440885901743e-07,0.179053787711264,8.77519341071786e-05,0.00250940638855523,0,0.0218300205007538,0.00914423621533411,9.52355048651473e-05,0.0376252569168432,0.0682519875471251,0.0133234748815274,0.00305963681728171,4.68644987743138e-14,0,0,0,0,0,6.98204875026113e-14,1.03503965565613e-10,6.34433287910693e-12,1.87926401914465e-13,8.75356956224121e-10,3.56806877133485e-11,0,0,0,0,0,0,9.14570941318779e-12,1.87722723673587e-11,3.41441850942035e-11,6.96434148165451e-10,2.51807983179372e-06,0,0
9.73914899791481e-05,0.000244842137772475,0.0279293533921838,0.00224130855923656,0.000152629950397042,2.04097784843175e-06,1.29975786259812e-09,4.22509459889744e-10,1.82726802408427e-10,7.62775341161703e-05,0.546466880701202,1.60154186797291e-09,2.31109154352359e-09,2.97335460241912e-05,6.60409511705829e-06,2.20278405417049e-06,8.17434447306606e-07,2.27795739544687e-07,5.89100590826828e-05,0.00123516980005564,4.52223408586555e-07,1.31509928691195e-05,0.232828194918409,0,0.28487469994774,0.00418470714977786,0.61671427238554,0.302008039656182,0.355316153344407,0.0414096264320696,0,0,0,0,0,0,0,2.94082488347809e-13,1.74194696252856e-14,5.05178499770068e-16,2.77733166048134e-12,1.00623484325333e-13,0,0,0,0,0,0,2.38100621112786e-14,5.15384651215233e-14,9.16527784894993e-14,2.17430638913042e-12,9.78313546168434e-09,0,0
5.76764990339164e-07,1.58720566197118e-06,0.000261953434373449,1.07440013434009e-05,9.26454161987615e-07,9.52451742387912e-09,5.02026609099763e-12,1.57295164444888e-12,5.78452768792065e-13,4.46742130153111e-07,0.00656963984120238,6.0122384270288e-12,8.75011063465006e-12,0.00461048351291122,3.99788429454245e-06,4.71387539010475e-08,3.8865887144283e-09,1.02330722117428e-09,3.44572946011544e-07,2.93541329385125e-05,9.17173988026551e-09,2.69261920698692e-07,0.00840774586157731,0.0245586558265285,0,0.444871861606848,0.035067005618427,0.0128193497550947,0.010918900741847,0.0008360436889818,0,0,0,0,0,0,0,3.92109984463746e-15,4.05103944774084e-16,0,4.22536854509654e-14,1.33276138179249e-15,0,0,0,0,0,0,0,1.22710631241722e-15,0,3.28457324728765e-14,1.68238632237421e-10,0,0
1.31672562715614e-09,3.91828458519572e-09,8.68862025485545e-07,2.02770420051729e-08,2.16107116343404e-09,1.75348025619213e-11,7.70980025788178e-15,2.20037200462474e-15,0,1.01000980844079e-09,2.58846660332761e-05,9.06960088554653e-15,1.29189594832994e-14,0.636917101607058,0.000882606005312125,7.92555039787181e-06,7.28015186207916e-12,1.81839924426905e-12,7.78126260322716e-10,7.08262226022974e-08,1.66097530220742e-06,5.38792887949117e-10,3.24474050036442e-05,0.000133679472945267,0.164848074519974,0,0.000202718054368191,5.76361260417497e-05,4.60374505237223e-05,2.35459094653041e-06,0,0,0,0,0,0,0,0,0,0,0,0,0,0,0,0,0,0,0,0,0,0,2.66226370196164e-13,0,0
4.68701949377008e-05,0.000119611816750785,0.0145490684722512,0.00104226459375704,7.37533248880261e-05,9.4503949495996e-07,5.84088240390761e-10,1.88774629359623e-10,7.97300732985063e-11,3.66420579906542e-05,0.298481475976464,7.16497562998088e-10,1.0353174628627e-09,5.16030398130682e-05,1.44294326806864e-05,4.78625536471083e-06,3.79630549648156e-07,1.04838461892183e-07,2.82930148440455e-05,0.00261909201026576,9.94758711866642e-07,2.88657885421685e-05,0.444105115688667,0.682509771314016,0.450166160075916,0.00702291884581461,0,0.548989772638743,0.510988609678963,0.0633030647119556,3.23203439822854e-16,0,0,0,0,0,5.09638594909571e-16,7.01876872190105e-13,4.13206023669566e-14,1.01035699954014e-15,6.51632019129925e-12,2.39230668031752e-13,0,0,0,0,0,0,5.82023740497922e-14,1.22710631241722e-13,2.18556625628806e-13,5.11258018540774e-12,2.23345255881215e-08,0,0
3.4552784331271e-06,9.24484607759366e-06,0.00136563979025917,6.8817175352386e-05,5.50761438681786e-06,6.15324289457531e-08,3.44734822607809e-11,1.09308194412601e-11,4.27412323607471e-12,2.68564881533512e-06,0.0319540460320989,4.16684673484664e-11,6.04756368735525e-11,3.91038421883745e-06,9.63698082501702e-06,3.20588375755323e-06,2.49593810227356e-08,6.6922839847174e-09,2.07229509433509e-06,0.00177683779884324,6.6203362368743e-07,1.92325304412346e-05,0.24858481602579,0.103132696172356,0.0507800532437354,0.000616130908679174,0.169401498189346,0,0.0704419797016537,0.395926674306869,3.23203439822854e-16,0,0,0,0,0,5.09638594909571e-16,4.48312415570216e-13,2.63317564103155e-14,5.05178499770068e-16,4.19329275468121e-12,1.5260117821524e-13,0,0,0,0,0,0,3.70378743953223e-14,7.73076976822849e-14,1.4100427459923e-13,3.28660076163783e-12,1.4578937294398e-08,0,0
2.18980772315603e-06,5.9028392315093e-06,0.000898233633516828,4.28509144486967e-05,3.49761396453736e-06,3.82284867878714e-08,2.10777043127113e-11,6.6624120911459e-12,2.5709011946314e-12,1.70048635984073e-06,0.0214184475906612,2.54148356014785e-11,3.69134423082426e-11,1.78224790047416e-06,5.66373088539233e-07,1.919421889367e-07,1.55309808493077e-08,4.14442230705469e-09,1.31198363488316e-06,0.000115343972005139,3.80384273103795e-08,1.11309807521696e-06,0.0288169992560447,0.0720551077577808,0.0256849086949353,0.00029225465126917,0.0936345581659937,0.0418315065505383,0,0.494049860530872,0,0,0,0,0,0,0,1.96054992231873e-14,1.21531183432225e-15,0,1.93380005677046e-13,6.66380690896244e-15,0,0,0,0,0,0,2.64556245680873e-15,3.68131893725166e-15,7.05021372996149e-15,1.50441564783175e-13,7.38656567717847e-10,0,0
3.99896381728845e-09,1.17496567879453e-08,2.48589380657136e-06,6.35430121846638e-08,6.54028634994236e-09,5.51759351258163e-11,2.52051162276904e-14,7.54413258728481e-15,0,3.07233289258715e-09,7.21265019563902e-05,2.90227228337489e-14,4.27319429062978e-14,2.9435633604621e-09,4.17295429276864e-09,1.4522948843782e-09,2.28424698434767e-11,5.75510497972122e-12,2.36741489336248e-09,9.77939385074303e-07,2.71275232413152e-10,8.02193139394739e-09,0.00028004461230001,0.000355367108510249,8.32250714768474e-05,6.32545444261293e-07,0.000490880497367084,0.00994976470876728,0.0209072482872198,0,0,0,0,0,0,0,0,0,0,0,9.25263185057637e-16,0,0,0,0,0,0,0,0,0,0,8.11005740071025e-16,4.37794475433692e-12,0,0
0,0,0,0,0,0,0,0,0,0,0,0,0,0,0,0,0,0,0,9.87138519745657e-10,0,3.39118565313106e-07,1.7781008293441e-13,0,0,0,1.0389199370045e-16,3.36689123828438e-16,0,0,0,0.199008964340872,1.76262508124314e-10,8.95285626040717e-12,8.76965964531254e-14,1.12115694481761e-13,0.802742586664406,0.0102655760979918,0.453867392476415,1.5883264925296e-06,0.00119218126390011,0.000179370476104764,1.27660998481364e-11,0,4.29368613893598e-11,7.11101456935743e-08,1.01314323496327e-08,4.24867041391568e-12,3.23707943415352e-05,0.000108734781545202,7.41403027315099e-06,0.000163710623049167,0.000106137931330023,0,0
0,0,0,0,0,0,0,0,0,0,0,0,0,0,0,0,0,0,0,3.2694528208142e-12,0,1.36231573280434e-09,0,0,0,0,0,0,0,0,0.124757403894961,0,0.215464731859038,0.0819998814987608,0.00121374550500794,0.00264353998881341,2.29235439990325e-12,2.37074388856261e-08,2.02634883796107e-07,0.399461011118458,1.41191681356988e-05,0.00117184883235146,3.03312411462789e-06,0,1.86959663201043e-07,1.98875835546838e-08,4.2746288827653e-10,1.56392775972356e-13,4.74094455706111e-06,2.41203159179387e-05,7.42233247088533e-08,1.86625924846921e-06,5.5709475510679e-07,0,0
0,0,0,0,0,0,0,0,0,0,0,0,0,0,0,0,0,0,0,2.17333569013661e-13,0,9.64536278768004e-11,0,0,0,0,0,0,0,0,1.46533329140006e-10,0.285732061782994,0,0.589282224816374,0.0119426802627983,0.307603825273328,1.544204942576e-13,1.79825690678247e-09,1.63108398892999e-08,0.00461710434020869,1.2545911587278e-06,0.000115611767663346,3.49619745186772e-05,0,2.3015133463892e-06,2.69085807391794e-07,2.92830272066208e-11,0,3.9145765437109e-07,2.09967282080881e-06,5.57981410422699e-09,1.57201628922512e-07,4.39384471345373e-08,0,0
0,0,0,0,0,0,0,0,0,0,0,0,0,0,0,0,0,0,0,9.44928560928961e-15,0,4.43196839095334e-12,0,0,0,0,0,0,0,0,7.10207238666739e-12,0.103763119106219,0.562302938122566,0,0.0227067803331318,0.438878777063543,6.62530173382443e-15,8.88011481815045e-11,8.56877484401922e-10,0.00034450209374831,7.29100613814692e-08,7.45071717086515e-06,6.99586765625807e-05,0,4.70115671895237e-06,5.65903378214769e-07,1.28716603106026e-12,0,2.11121863024489e-08,1.19515609627656e-07,2.72963124982919e-10,8.65348152891372e-09,2.26001209032179e-09,0,0
0,0,0,0,0,0,0,0,0,0,0,0,0,0,0,0,0,0,0,0,0,1.37212643682766e-14,0,0,0,0,0,0,0,0,1.90690029495484e-14,0.000420997185759452,0.00312370909199971,0.00622411091696391,0,0.248378540623426,0,2.44415223649068e-13,2.6230480424122e-12,8.25654556384252e-07,2.63489356156295e-10,1.39296747781551e-08,0.128808055909932,0,0.0120666810144102,0.00223765898772024,7.42595787150148e-14,0,1.2143502055496e-09,7.84048166230278e-08,1.44176870777712e-11,1.3142469668712e-10,6.67866647208155e-12,0,0
0,0,0,0,0,0,0,0,0,0,0,0,0,0,0,0,0,0,0,0,0,4.11637931048298e-14,0,0,0,0,0,0,0,0,6.52870948442165e-14,0.00245557457140941,0.215464731859038,0.322167724622712,0.665165561608944,0,0,8.36501300189324e-13,8.7818433148126e-12,5.5225198312458e-06,8.54570301929678e-10,9.97824132690795e-08,0.00291404763880887,0,0.000223416873561747,3.22233566910698e-05,0,0,2.2413734246575e-10,1.36312000319186e-09,2.53807694278614e-12,9.44132332303683e-11,2.25109186354757e-11,0,0
0,0,0,0,0,0,0,0,0,0,0,0,0,0,0,0,0,0,0,9.32710634636149e-10,0,3.21102126698995e-07,1.67999871462167e-13,0,0,0,1.0389199370045e-16,3.36689123828438e-16,0,0,0.509084609944557,2.31900527296491e-12,1.17799143235153e-13,5.29658375285761e-15,0,0,0,0.504518389715599,0.000406990206132397,1.56999172087142e-09,1.89588318843207e-06,2.32289041681709e-07,7.64520352403637e-15,0,2.62346491614533e-14,5.23080767618915e-11,6.73286847016134e-12,0,3.44974121982352e-08,1.30712765754091e-07,6.92275291593751e-09,2.18160295100343e-07,0.00012802285019559,0,0
0,0,0,0,0,0,0,0,0,0,2.97890725243135e-15,0,0,0,1.28357519217501e-13,4.69653703755642e-14,0,0,0,4.34399713795293e-07,8.01079244729026e-15,0.000115053164346713,9.71088308108686e-11,2.58695856546397e-14,4.00108241710152e-15,0,5.57900006171417e-14,1.15484369473154e-13,8.50449232488325e-15,0,0.0025384736207407,9.35147847130515e-09,5.34890142034203e-10,2.76811689809922e-11,2.77953619266685e-13,3.55218041922411e-13,0.196721879137309,0,0.141731804915196,4.49369962649677e-06,0.00307682240004414,0.000482258849541826,3.95124968677265e-11,9.68892940990406e-13,1.32022013868372e-10,2.12174778184294e-07,3.07655206828945e-08,1.35279751216088e-11,9.03165862571434e-05,0.000296563767482641,2.11956938040719e-05,0.000437711393680459,0.0305194690142273,0,0
0,0,0,0,0,0,0,0,0,0,7.44726813107838e-16,0,0,0,2.38378249975359e-14,8.80600694541829e-15,0,0,0,9.12610114288069e-08,1.60215848945805e-15,2.60187097002267e-05,1.92047152333503e-11,4.94396525844226e-15,1.33369413903384e-15,0,1.05969833574459e-14,2.18847930488485e-14,1.70089846497665e-15,0,0.362108304212176,2.57887341114864e-07,1.56534242402025e-08,8.61796549259956e-10,9.62432986498283e-12,1.20319011137407e-11,0.000512011594730194,0.457285564525983,0,0.399461011118458,0.0507741009451022,0.00928297558736851,1.23439942612043e-09,3.77868246986258e-11,4.03587669841172e-09,5.86830520481886e-06,9.02337522426256e-07,4.59455910344121e-10,0.00198487946086905,0.00601250917084397,0.00050698830481534,0.00825522568158194,0.00619918522698286,0,0
0,0,0,0,0,0,0,0,0,0,0,0,0,0,0,2.93533564847276e-16,0,0,0,2.46093414694095e-09,0,8.16456819064758e-07,4.56174833459314e-13,1.14975936242843e-16,0,0,2.077839874009e-16,3.36689123828438e-16,0,0,1.01618058999143e-06,0.407672881609117,0.00355323829089866,0.000277843024929762,2.42931733909426e-06,6.06746761857963e-06,1.58385278670559e-09,1.16264151617192e-05,0.320328817360963,0,0.00423649740561077,0.243724689336617,4.41772247481023e-09,1.06578223508945e-11,5.40098123538138e-09,7.78119084665732e-06,2.81426228562944e-07,1.3593138778264e-10,0.00179850064549337,0.00773973088607123,3.73736841469688e-05,0.000665137121878019,0.000243157835074205,0,0
0,0,2.9528132023815e-15,0,0,0,0,0,0,0,1.18411563284146e-13,0,0,5.50922760982907e-14,5.26632564560946e-12,1.8862466877086e-12,0,0,0,1.34294285933684e-05,3.3036508052625e-13,0.00295395156521577,3.48040305974792e-09,1.0353583058668e-12,1.82716097047636e-13,0,2.19503004290311e-12,4.57762532757144e-12,3.5548777918012e-13,4.01931730974164e-14,0.00124932157122691,2.36019218064144e-05,1.58145812980979e-06,9.63154432754642e-08,1.26984225749228e-09,1.53786711499412e-09,3.13277971025621e-06,0.0130390228743821,0.0666906094959467,0.00693917397193184,0,0.43298652605974,1.3872999937079e-07,1.45673053677908e-08,4.37901831682742e-07,0.000539714792163084,0.000217840442773447,1.47899970535028e-07,0.145955200266101,0.313107570676873,0.089604733139508,0.785130317652059,0.462090468253691,7.63920071992055e-11,0
0,0,0,0,0,0,0,0,0,0,1.48945362621568e-15,0,0,0,8.6182905760322e-14,3.14080914386585e-14,0,0,0,2.98135147302974e-07,5.44733886415738e-15,8.04211992243226e-05,6.56597453837245e-11,1.73613663726693e-14,2.66738827806768e-15,0,3.72972257384616e-14,7.71018093567123e-14,5.66966154992217e-15,0,8.69970508925645e-05,0.000906632894777675,6.74495630083648e-05,4.55541728318245e-06,3.10705756327014e-08,8.31087290454809e-08,1.77651397216114e-07,0.000945898306001947,0.00564327580474572,0.184765967258748,0.200399210072277,0,1.87268877366076e-07,1.68587371732331e-09,5.89635471421483e-07,0.000718090640862458,3.02171011689685e-05,1.83390078924584e-08,0.112217583186432,0.398222309815518,0.003120184256653,0.0387132085778025,0.0176001636495673,8.3034790433919e-12,0
0,0,0,0,0,0,0,0,0,0,0,0,0,0,0,0,0,0,0,9.44928560928961e-15,0,3.69102011506641e-12,0,0,0,0,0,0,0,0,5.93660078266618e-12,2.24996675317934e-06,1.95568583004096e-05,4.10107499061933e-05,0.275471951856969,0.00232710148424086,5.60602454400528e-15,7.43061490891614e-11,7.19491747883074e-10,3.21104892201949e-09,6.15627548893996e-08,1.79552578082778e-07,0,0,0.947420223205493,0.280551807281068,2.12382395124942e-11,0,2.90070621455827e-07,1.5431087630622e-05,4.09117557557308e-09,3.17770256038692e-08,1.89542657994674e-09,0,0
0,0,0,0,0,0,0,0,0,0,0,0,0,0,0,0,0,0,0,0,0,0,0,0,0,0,0,0,0,0,0,0,0,0,0,0,0,1.30703328154582e-15,1.57990538461893e-14,5.55696349747075e-15,4.63711066244719e-12,1.15950240215946e-12,0,0,0,0,0.00578824501458104,0.00587586317158349,9.62636842815309e-09,8.39586138955863e-12,1.47020292477143e-08,4.43912101885276e-11,3.74688965461268e-13,0.951303755383125,0
0,0,0,0,0,0,0,0,0,0,0,0,0,0,0,0,0,0,0,2.83478568278688e-14,0,1.13955100578537e-11,0,0,0,0,0,0,0,0,1.79849786123825e-11,1.24920541578698e-07,1.15962256407686e-06,2.48233778071956e-06,0.0232446074020857,0.000160706953545551,1.73277122269254e-14,2.2363339447249e-10,2.11888808106195e-09,3.53607268591556e-09,1.75034817441645e-07,5.09224936600389e-07,0.85338041817419,0,0,0.688245765446973,6.54474420408331e-11,2.60654626620594e-14,8.28772739674327e-07,4.22141058258385e-05,1.21374646519447e-08,9.10352544244823e-08,5.62346017670985e-09,0,0
0,0,0,0,0,0,0,0,0,0,0,0,0,0,0,0,0,0,0,2.87258282522404e-12,0,1.20388315377604e-09,0,0,0,0,0,0,0,0,1.7421357061813e-09,7.77210647394127e-10,7.9298456587797e-09,1.74770938143457e-08,0.000252115222178804,1.35568958595327e-06,2.02071702881645e-12,2.10210711624992e-08,1.80199509490328e-07,2.9796507684964e-07,1.26177752722246e-05,3.62723848052095e-05,0.0147803213384374,0,0.0402544902007427,0,6.83809429320052e-09,2.84113543016448e-12,6.11504681108348e-05,0.00252349047792523,1.06801144783094e-06,6.80290378403129e-06,4.94916817249073e-07,0,0
0,0,0,0,0,0,0,0,0,0,0,0,0,0,0,0,0,0,0,2.07884283404371e-12,0,8.77961961236362e-10,0,0,0,0,0,0,0,0,1.32286521512614e-10,8.90326857688552e-12,4.59922067482461e-13,2.11863350114304e-14,4.45914897219281e-15,0,1.38621697815403e-13,1.62449990233376e-09,1.47674076332448e-08,5.74352086565084e-09,2.71425916228867e-06,8.13474561893288e-07,5.96325874874837e-13,0.226564296447451,2.04012977596714e-12,3.6444283766833e-09,0,0.993346609156714,0.00326343900566378,5.25937002855448e-06,0.00530547771420591,2.16733704686572e-05,3.23737701605855e-07,0.00219362272073687,0
0,0,0,0,0,0,0,0,0,0,0,0,0,0,0,0,0,0,0,0,0,3.36170977022777e-13,0,0,0,0,0,0,0,0,5.26821606911252e-14,3.09338186700522e-15,0,0,0,0,0,6.7835027312228e-13,7.14076723453278e-12,2.6345058763009e-12,1.75003476927041e-09,4.68848794597325e-10,0,0.218414782157676,7.71607328278039e-16,1.43797739395868e-12,0.943336420181002,0,2.96921021304326e-06,3.25102674616469e-09,4.63834486987229e-06,1.56513552594001e-08,1.64084186164236e-10,0.0465025875197352,0
0,0,0,0,0,0,0,0,0,0,0,0,0,0,5.50103653789289e-15,1.76120138908366e-15,0,0,0,2.12486179988952e-08,3.2043169789161e-16,6.45860888710613e-06,4.23923763244315e-12,1.03478342618559e-15,0,0,2.2856238614099e-15,4.71364773359813e-15,5.66966154992217e-16,0,3.95467967654893e-06,9.23908882938801e-07,5.75262777588141e-08,3.25137964428707e-09,6.82270602107371e-10,4.70230983558602e-11,6.6455481462844e-09,4.46206755806803e-05,0.000303936313213732,0.000343429373813316,0.0170155339590607,0.0282660613141168,7.62047587775822e-08,3.52549621098768e-06,2.41720666153228e-07,0.000304935037129066,0.0305343519798645,2.92542093439149e-05,0,0.152339614784148,0.166989880438432,0.0524619375199354,0.00151374305289694,2.15442067259846e-08,0
0,0,0,0,0,0,0,0,0,0,7.44726813107838e-16,0,0,0,2.38378249975359e-14,8.51247338057101e-15,0,0,0,8.92236793064447e-08,1.60215848945805e-15,2.54639533080744e-05,1.87595768877973e-11,4.82898932219941e-15,1.33369413903384e-15,0,1.0389199370045e-14,2.12114148011916e-14,1.70089846497665e-15,0,2.86392915334029e-05,1.01340510233939e-05,6.65225578172183e-07,3.9682126075547e-08,9.49710588565719e-08,6.16548070167395e-10,5.42872851370429e-08,0.000315880303342972,0.0019849064082323,0.00318631368617677,0.0786964979259382,0.216254822634257,8.7399855282268e-06,6.62916550225636e-09,2.65443287857905e-05,0.0271297030923205,0.000106092030949757,6.90563771109511e-08,0.328434432680693,0,0.0101062049747031,0.0381766884768186,0.00607644477302013,3.32139161735676e-11,0
0,0,0,0,0,0,0,0,0,0,0,0,0,0,7.33471538385719e-15,2.64180208362549e-15,0,0,0,2.94230626894931e-08,3.2043169789161e-16,8.81951124530318e-06,5.9388567700093e-12,1.49468717115696e-15,0,0,3.22065180471395e-15,6.73378247656876e-15,5.66966154992217e-16,0,3.39881906990962e-07,5.42775712333999e-09,3.0769252845837e-10,1.57744487045683e-11,3.03965321604477e-12,1.99810148581356e-13,5.00424838752201e-10,3.92945211145079e-06,2.91314519107696e-05,2.67798713789479e-06,0.00391987930940611,0.000294917377020195,4.03312981651508e-10,2.02046248552846e-06,1.32837911457294e-09,1.99847714336092e-06,0.0186274513572315,1.71485021093214e-05,0.0626622362492987,0.00175900878952619,0,0.0414083670823923,0.0020257797417116,1.21313828823956e-08,0
0,0,1.7716879214289e-15,0,0,0,0,0,0,0,7.00043204321368e-14,0,0,3.39029391374097e-14,3.12642243236913e-12,1.12217881841114e-12,0,0,0,8.30815433089933e-06,1.95783767411774e-13,0.00188000779338526,2.10607827183701e-09,6.16500970134125e-13,1.08029225261741e-13,0,1.30987025657527e-12,2.72886534862949e-12,2.10344443502112e-13,2.67954487316109e-14,0.000130484493242673,2.37279558499789e-06,1.50717129042481e-07,8.69459646633591e-09,4.81741186444869e-10,1.29227213594992e-10,2.74185251143252e-07,0.00141084910003735,0.00824710436282846,0.000828632787092954,0.597161559203793,0.0636191173606914,5.44647704643011e-08,1.06066648036102e-07,1.73225578993892e-07,0.000221322698615967,0.00132301189401033,1.00605901035618e-06,0.342269667048304,0.115527802338334,0.719940251258889,0,0.279191873363686,5.82904228846111e-10,0
1.23611370781471e-15,3.48917505251459e-15,1.16606593362046e-12,0,1.84947210344554e-15,0,0,0,0,5.9599976422289e-16,4.41943232702585e-11,0,0,2.20241968371397e-11,1.80328195173475e-09,6.30110891643757e-10,0,0,4.71829875520621e-16,0.00271939111160542,1.1665027573216e-10,0.403603549324365,9.39489271146636e-07,3.42230703216145e-10,6.82678018947252e-11,2.91536086727621e-13,7.05980589336467e-10,1.49344386602683e-09,1.27418839740641e-10,1.78457688552529e-11,1.04371167385777e-05,8.73866926373489e-08,5.19730441995174e-09,2.80154241587495e-10,3.02033023716527e-12,3.8013880767603e-12,1.98510621648631e-05,0.0121366147849743,0.000764073316354164,3.73737843077253e-05,0.0433615687634775,0.0035683961191656,4.00808829988135e-10,1.10453795272906e-10,1.32018232992464e-09,1.98651441153378e-06,2.43813895512307e-06,1.30126609247799e-09,0.00121843994924664,0.00226864056455118,0.0043453869397232,0.0344453540584575,0,0,0
0,0,0,0,0,0,0,0,0,0,0,0,0,0,0,0,0,0,0,0,0,0,0,0,0,0,0,0,0,0,0,0,0,0,0,0,0,0,0,0,1.41873688375504e-14,3.33190345448122e-15,0,0.555015246327317,0,0,3.26966360024803e-05,0.000729881687152228,3.43208817521797e-11,2.45421262483444e-14,5.15018112973687e-11,1.42331507382465e-13,0,0,0
0,0,0,0,0,0,0,0,0,0,0,0,0,0,0,0,0,0,0,0,0,0,0,0,0,0,0,0,0,0,0,0,0,0,0,0,0,0,0,0,0,0,0,0,0,0,0,0,0,0,0,0,0,0,0
