"Year","Subpop","JF","AF","JM","AM"
"1988","GBYA",0,0,0,0
"1988","GBYB",0,0,0,0
"1988","GBYC",0,0,0,0
"1988","N01",0,0,0,0
"1988","N02",0,0,0,0
"1988","N03",0,0,0,1
"1988","N04",0,0,0,1
"1988","N05",0,0,0,0
"1988","N06",0,0,0,0
"1988","N07",0,0,0,1
"1988","N08",0,0,0,0
"1988","N09",0,0,0,1
"1988","N10",0,0,0,0
"1988","N11",0,0,0,0
"1988","N12",0,0,0,0
"1988","N13",0,0,0,0
"1988","N14",0,0,0,0
"1988","N15",0,0,0,0
"1988","N16",0,0,0,0
"1988","N17",0,0,0,0
"1988","N18",0,0,0,0
"1988","N19",0,0,0,0
"1988","N20",0,0,0,0
"1988","N21",0,0,0,0
"1988","N22",0,0,0,0
"1988","N23",0,0,0,0
"1988","N24",0,0,0,0
"1988","N25",0,0,0,0
"1988","N26",0,0,0,0
"1988","N27",0,0,0,0
"1988","S01",0,0,0,0
"1988","S02",0,0.3235,0,0.6765
"1988","S03",0,0,0,0
"1988","S04",0,0,0,0
"1988","S05",0,0,0,0
"1988","S06",0,0,0,0
"1988","S07",0,0,0,0
"1988","S08",0,0,0,0
"1988","S09",0,0,0,0
"1988","S10",0,0,0,0
"1988","S11",0,0,0,0
"1988","S12",0,0,0,0
"1988","S13",0,0,0,0
"1988","S14",0,0,0,0
"1988","S15",0,0,0,0
"1988","S16",0,0,0,0
"1988","S17",0,0,0,0
"1988","S18",0,0,0,0
"1988","S19",0,0,0,0
"1988","S20",0,0,0,0
"1988","S21",0,0,0,0
"1988","S22",0,0,0,0
"1988","S23",0,0,0,0
"1988","S24",0,0,0,0
"1988","YAK",0,0,0,0
"1989","GBYA",0,0,0,0
"1989","GBYB",0,0,0,0
"1989","GBYC",0,0,0,0
"1989","N01",0,0,0,0
"1989","N02",0,0,0,0
"1989","N03",0,0.0833,0,0.9167
"1989","N04",0,0.1429,0,0.8571
"1989","N05",0,0,0,1
"1989","N06",0,0,0,0
"1989","N07",0,0,0,0
"1989","N08",0,0,0,0
"1989","N09",0,0,0,0
"1989","N10",0,0,0,0
"1989","N11",0,0,0,0
"1989","N12",0,0,0,0
"1989","N13",0,0,0,0
"1989","N14",0,0,0,0
"1989","N15",0,0,0,0
"1989","N16",0,0,0,0
"1989","N17",0,0,0,0
"1989","N18",0,0,0,0
"1989","N19",0,0,0,0
"1989","N20",0,1,0,0
"1989","N21",0,0,0,0
"1989","N22",0,0,0,0
"1989","N23",0,0,0,0
"1989","N24",0,0,0,0
"1989","N25",0,0,0,0
"1989","N26",0,0,0,0
"1989","N27",0,0,0,0
"1989","S01",0,0,0,1
"1989","S02",0,0.1522,0.0435,0.8043
"1989","S03",0,0,0,0
"1989","S04",0,0,0,0
"1989","S05",0,0.2353,0,0.7647
"1989","S06",0,0,0,0
"1989","S07",0,0,0,0
"1989","S08",0,0,0,0
"1989","S09",0,0,0,0
"1989","S10",0,0,0,0
"1989","S11",0,0,0,0
"1989","S12",0,0,0,0
"1989","S13",0,0,0,0
"1989","S14",0,0,0,0
"1989","S15",0,0,0,0
"1989","S16",0,0,0,0
"1989","S17",0,0,0,0
"1989","S18",0,0,0,0
"1989","S19",0,0,0,0
"1989","S20",0,0,0,0
"1989","S21",0,0,0,0
"1989","S22",0,0,0,0
"1989","S23",0,0,0,0
"1989","S24",0,0,0,0
"1989","YAK",0,0,0,0
"1990","GBYA",0,0,0,0
"1990","GBYB",0,0,0,0
"1990","GBYC",0,0,0,0
"1990","N01",0,0,0,0
"1990","N02",0.1852,0.2222,0.1852,0.4074
"1990","N03",0,0,0,1
"1990","N04",0,0.3,0,0.7
"1990","N05",0,0,0,1
"1990","N06",0,0,0,0
"1990","N07",0,0,0,0
"1990","N08",0,0,0,0
"1990","N09",0,0,0.5,0.5
"1990","N10",0,0,0,0
"1990","N11",0,0,0,0
"1990","N12",0,0,0,0
"1990","N13",0,0,0,0
"1990","N14",0,0,0,0
"1990","N15",0,0,0,0
"1990","N16",0,0,0,0
"1990","N17",0,0,0,0
"1990","N18",0,0,0,0
"1990","N19",0,0,0,0
"1990","N20",0,0,0,0
"1990","N21",0,0,0,0
"1990","N22",0,0,0,0
"1990","N23",0,0,0,0
"1990","N24",0,0,0,0
"1990","N25",0,0,0,0
"1990","N26",0,0,0,0
"1990","N27",0,0,0,0
"1990","S01",0,0,1,0
"1990","S02",0,0,0,1
"1990","S03",0,0,0,0
"1990","S04",0,0,0,0
"1990","S05",0,0,0,0
"1990","S06",0,0,0,0
"1990","S07",0,0,0,0
"1990","S08",0,0,0,0
"1990","S09",0,0,0,0
"1990","S10",0,0,0,0
"1990","S11",0,0,0,0
"1990","S12",0,0,0,0
"1990","S13",0,0,0,0
"1990","S14",0,0,0,0
"1990","S15",0,0,0,0
"1990","S16",0,0,0,0
"1990","S17",0,0,0,0
"1990","S18",0,0,0,0
"1990","S19",0,0,0,0
"1990","S20",0,0,0,0
"1990","S21",0,0,0,0
"1990","S22",0,0,0,0
"1990","S23",0,0,0,0
"1990","S24",0,0,0,0
"1990","YAK",0,0,0,0
"1991","GBYA",0,0,0,0
"1991","GBYB",0,0,0,0
"1991","GBYC",0,0,0,0
"1991","N01",0,0,0,0
"1991","N02",0,0,0,0
"1991","N03",0,0,0,1
"1991","N04",0,0.1667,0.0833,0.75
"1991","N05",0,0,0,1
"1991","N06",0,0,0,0
"1991","N07",0,0,0,0
"1991","N08",0,0,0,0
"1991","N09",0,1,0,0
"1991","N10",0,0,0,0
"1991","N11",0,0,0,0
"1991","N12",0,0,0,0
"1991","N13",0,0,0,0
"1991","N14",0,0,0,0
"1991","N15",0,0,0,0
"1991","N16",0,0,0,0
"1991","N17",0,0,0,0
"1991","N18",0,0,0,0
"1991","N19",0,0,0,0
"1991","N20",0,0,0,0
"1991","N21",0,0,0,0
"1991","N22",0,0,0,0
"1991","N23",0,0,0,0
"1991","N24",0,0,0,0
"1991","N25",0,0,0,0
"1991","N26",0,0,0,0
"1991","N27",0,0,0,0
"1991","S01",0.04,0.4,0,0.56
"1991","S02",0,0.25,0,0.75
"1991","S03",0,0,0,0
"1991","S04",0,0,0,0
"1991","S05",0,0,0,0
"1991","S06",0,0,0,0
"1991","S07",0,0,0,0
"1991","S08",0,0,0,0
"1991","S09",0,0,0,0
"1991","S10",0,0.2632,0,0.7368
"1991","S11",0,0,0,0
"1991","S12",0,0,0,0
"1991","S13",0,0,0,0
"1991","S14",0,0,0,0
"1991","S15",0,0,0,0
"1991","S16",0,0,0,0
"1991","S17",0,0,0,0
"1991","S18",0,0,0,0
"1991","S19",0,0,0,0
"1991","S20",0,0,0,0
"1991","S21",0,0,0,0
"1991","S22",0,0,0,0
"1991","S23",0,0,0,0
"1991","S24",0,0,0,0
"1991","YAK",0,0,0,0
"1992","GBYA",0,0,0,0
"1992","GBYB",0,0,0,0
"1992","GBYC",0,0,0,0
"1992","N01",0,0,0,0
"1992","N02",0.1042,0.2292,0.125,0.5416
"1992","N03",0.0345,0.069,0.1379,0.7586
"1992","N04",0.0089,0.1786,0.0357,0.7768
"1992","N05",0,0,0,1
"1992","N06",0,0,0,0
"1992","N07",0,0,0,0
"1992","N08",0,0,0,0
"1992","N09",0,0,0,1
"1992","N10",0,0,0,0
"1992","N11",0,0,0,0
"1992","N12",0,0,0,0
"1992","N13",0,0,0,0
"1992","N14",0,0,0,0
"1992","N15",0,0,0,0
"1992","N16",0,0,0,0
"1992","N17",0,0,0,0
"1992","N18",0,0,0,0
"1992","N19",0,0,0,0
"1992","N20",0,0,0,0
"1992","N21",0,0,0,0
"1992","N22",0,0,0,0
"1992","N23",0,0,0,0
"1992","N24",0,0,0,0
"1992","N25",0,0,0,0
"1992","N26",0,0,0,0
"1992","N27",0,0,0,0
"1992","S01",0.0198,0.6436,0.0396,0.297
"1992","S02",0.0571,0.2429,0,0.7
"1992","S03",0,0,0,0
"1992","S04",0,0,0,0
"1992","S05",0,0,0,0
"1992","S06",0,0,0,0
"1992","S07",0,0,0,0
"1992","S08",0,0,0,0
"1992","S09",0,0,0,0
"1992","S10",0,0,0,1
"1992","S11",0,0,0,0
"1992","S12",0,0,0,0
"1992","S13",0,0,0,0
"1992","S14",0,0,0,0
"1992","S15",0,0,0,0
"1992","S16",0,0,0,0
"1992","S17",0,0,0,0
"1992","S18",0,0,0,0
"1992","S19",0,0,0,0
"1992","S20",0,0,0,0
"1992","S21",0,0,0,0
"1992","S22",0,0,0,0
"1992","S23",0,0,0,0
"1992","S24",0,0,0,0
"1992","YAK",0,0,0,0
"1993","GBYA",0,0,0,0
"1993","GBYB",0,0,0,0
"1993","GBYC",0,0,0,0
"1993","N01",0,0,0,0
"1993","N02",0.0659,0.3846,0.0989,0.4505
"1993","N03",0.082,0.4481,0.082,0.3879
"1993","N04",0.0196,0.2157,0.0588,0.7059
"1993","N05",0.046,0.2989,0.069,0.5861
"1993","N06",0,0.4,0,0.6
"1993","N07",0.0625,0.3125,0.0625,0.5625
"1993","N08",0.0667,0.2,0.0667,0.6666
"1993","N09",0,1,0,0
"1993","N10",0,0,0,0
"1993","N11",0,0,0,0
"1993","N12",0,0,0,0
"1993","N13",0,0,0,0
"1993","N14",0,0,0,0
"1993","N15",0,0,0,0
"1993","N16",0,0,0,0
"1993","N17",0,0,0,0
"1993","N18",0,0,0,0
"1993","N19",0,0,0,0
"1993","N20",0,0,0,0
"1993","N21",0,0,0,0
"1993","N22",0,0,0,0
"1993","N23",0,0,0,0
"1993","N24",0,0,0,0
"1993","N25",0,0,0,0
"1993","N26",0,0,0,0
"1993","N27",0,0,0,0
"1993","S01",0.0417,0.4583,0.0833,0.4167
"1993","S02",0.0256,0.5385,0.0641,0.3718
"1993","S03",0,0,0,0
"1993","S04",0,0,0,0
"1993","S05",0.0213,0.4043,0.0638,0.5106
"1993","S06",0,0,0,0
"1993","S07",0.102,0.449,0.1429,0.3061
"1993","S08",0,0,0,0
"1993","S09",0,0,0,0
"1993","S10",0.0282,0.3944,0.0563,0.5211
"1993","S11",0,0,0,0
"1993","S12",0,0,0,0
"1993","S13",0,0,0,0
"1993","S14",0,0,0,0
"1993","S15",0,0,0,0
"1993","S16",0,0,0,0
"1993","S17",0,0,0,0
"1993","S18",0,0,0,0
"1993","S19",0,0,0,0
"1993","S20",0,0,0,0
"1993","S21",0,0,0,0
"1993","S22",0,0,0,0
"1993","S23",0,0,0,0
"1993","S24",0,0,0,0
"1993","YAK",0,0.0714,0.1429,0.7857
"1994","GBYA",0,0,0,0
"1994","GBYB",0,0,0,0
"1994","GBYC",0,0,0,0
"1994","N01",0,0,0,0
"1994","N02",0.0444,0.3778,0.1556,0.4222
"1994","N03",0.0323,0.1613,0.3226,0.4838
"1994","N04",0.0282,0.1831,0.1268,0.6619
"1994","N05",0.0185,0.2037,0.0185,0.7593
"1994","N06",0,0,0,1
"1994","N07",0,0,0,0
"1994","N08",0,0,0,0
"1994","N09",0,0,0,1
"1994","N10",0,0,0,0
"1994","N11",0,0,0,0
"1994","N12",0,0,0,0
"1994","N13",0,0,0,0
"1994","N14",0,0,0,0
"1994","N15",0,0,0,0
"1994","N16",0,0,0,0
"1994","N17",0,0,0,0
"1994","N18",0,0,0,0
"1994","N19",0,0,0,0
"1994","N20",0,0,0,0
"1994","N21",0,0,0,0
"1994","N22",0,0,0,0
"1994","N23",0,0,0,0
"1994","N24",0,0,0,0
"1994","N25",0,0,0,0
"1994","N26",0,0,0,0
"1994","N27",0,0,0,0
"1994","S01",0,0,0,0
"1994","S02",0,0.2778,0.1667,0.5555
"1994","S03",0,0,0,0
"1994","S04",0,0,0,0
"1994","S05",0,0.5714,0,0.4286
"1994","S06",0,0,0,0
"1994","S07",0,0,0,1
"1994","S08",0,0,0,0
"1994","S09",0,0,0,0
"1994","S10",0,0,0,1
"1994","S11",0,0,0,0
"1994","S12",0,0,0,0
"1994","S13",0,0,0,0
"1994","S14",0,0,0,1
"1994","S15",0,0,0,0
"1994","S16",0,0,0,0
"1994","S17",0,0,0,0
"1994","S18",0,0,0,0
"1994","S19",0,0,0,0
"1994","S20",0,0,0,0
"1994","S21",0,0,0,0
"1994","S22",0,0,0,0
"1994","S23",0,0,0,0
"1994","S24",0,0,0,0
"1994","YAK",0.0833,0.1667,0.4167,0.3333
"1995","GBYA",0,0,0,0
"1995","GBYB",0,0,0,0
"1995","GBYC",0,0,0,0
"1995","N01",0,0,0,0
"1995","N02",0.1,0.3,0.3,0.3
"1995","N03",0.0741,0.4074,0.0741,0.4444
"1995","N04",0.0556,0.0556,0.0556,0.8332
"1995","N05",0,0.25,0.0833,0.6667
"1995","N06",0,0,0,0
"1995","N07",0,0,0,0
"1995","N08",0,0,0,0
"1995","N09",0,0,0,0
"1995","N10",0,0,0,0
"1995","N11",0,0,0,0
"1995","N12",0,0,0,0
"1995","N13",0,0,0,0
"1995","N14",0,0,0,0
"1995","N15",0,0,0,0
"1995","N16",0,0,0,0
"1995","N17",0,0,0,0
"1995","N18",0,0,0,0
"1995","N19",0,0,0,0
"1995","N20",0,0,0,0
"1995","N21",0,0,0,0
"1995","N22",0,0,0,0
"1995","N23",0,0,0,0
"1995","N24",0,0,0,0
"1995","N25",0,0,0,0
"1995","N26",0,0,0,0
"1995","N27",0,0,0,0
"1995","S01",0,0,0,0
"1995","S02",0.0682,0.2727,0.0455,0.6136
"1995","S03",0.2,0,0.2,0.6
"1995","S04",0,0,0,0
"1995","S05",0,0.3333,0,0.6667
"1995","S06",0,0,0,0
"1995","S07",0,0.2812,0.0312,0.6875
"1995","S08",0,0,0,0
"1995","S09",0,0,0,0
"1995","S10",0,0,0,0
"1995","S11",0,0,0,0
"1995","S12",0,0,0,0
"1995","S13",0,0,0,0
"1995","S14",0,0,0,0
"1995","S15",0,0,0,0
"1995","S16",0,0,0,0
"1995","S17",0,0,0,0
"1995","S18",0,0,0,0
"1995","S19",0,0,0,0
"1995","S20",0,0,0,0
"1995","S21",0,0,0,0
"1995","S22",0,0,0,0
"1995","S23",0,0,0,0
"1995","S24",0,0,0,0
"1995","YAK",0.2667,0,0.1333,0.6
"1996","GBYA",0,0,0,0
"1996","GBYB",0,0,0,0
"1996","GBYC",0,0,0,0
"1996","N01",0,0,0,0
"1996","N02",0.0833,0.5,0.1667,0.25
"1996","N03",0,0,0.25,0.75
"1996","N04",0.1333,0.0444,0.2,0.6222
"1996","N05",0,0,0.4545,0.5455
"1996","N06",0,0,0,0
"1996","N07",0,0,0,0
"1996","N08",0,0,0,0
"1996","N09",0,0,0,0
"1996","N10",0,0,0,0
"1996","N11",0,0,0,0
"1996","N12",0,0,0,0
"1996","N13",0,0,0,0
"1996","N14",0,0,0,0
"1996","N15",0,0,0,0
"1996","N16",0,0,0,0
"1996","N17",0,0,0,0
"1996","N18",0,0,0,0
"1996","N19",0,0,0,0
"1996","N20",0,0,0,0
"1996","N21",0,0,0,0
"1996","N22",0,0,0,0
"1996","N23",0,0,0,0
"1996","N24",0,0,0,0
"1996","N25",0,0,0,0
"1996","N26",0,0,0,0
"1996","N27",0,0,0,0
"1996","S01",0,0.4,0,0.6
"1996","S02",0.0625,0.25,0.1875,0.5
"1996","S03",0,0,0,1
"1996","S04",0,0,0,0
"1996","S05",0.0625,0.0625,0,0.875
"1996","S06",0,0,0,0
"1996","S07",0,0,0,1
"1996","S08",0,0,0,0
"1996","S09",0,0,0,0
"1996","S10",0,0,0,0
"1996","S11",0,0,0,0
"1996","S12",0,0,0,0
"1996","S13",0,0,0,0
"1996","S14",0,0,0,0
"1996","S15",0,0,0,0
"1996","S16",0,0,0,0
"1996","S17",0,0,0,0
"1996","S18",0,0,0,0
"1996","S19",0,0,0,0
"1996","S20",0,0,0,0
"1996","S21",0,0,0,0
"1996","S22",0,0,0,0
"1996","S23",0,0,0,0
"1996","S24",0,0,0,0
"1996","YAK",0.25,0.25,0,0.5
"1997","GBYA",0,0,0,0
"1997","GBYB",0,0,0,0
"1997","GBYC",0,0,0,0
"1997","N01",0,0,0,0
"1997","N02",0.0769,0,0,0.9231
"1997","N03",0,0,0,0
"1997","N04",0.1818,0.2955,0.1136,0.4091
"1997","N05",0.0938,0.2188,0.1875,0.4999
"1997","N06",0,0,0,0
"1997","N07",0,0,0,0
"1997","N08",0,0,0,0
"1997","N09",0,0,0.5,0.5
"1997","N10",0,0,0,0
"1997","N11",0,0,0,0
"1997","N12",0,0,0,0
"1997","N13",0,0,0,0
"1997","N14",0,0,0,0
"1997","N15",0,0,0,0
"1997","N16",0,0,0,0
"1997","N17",0,0,0,0
"1997","N18",0,0,0,0
"1997","N19",0,0,0,0
"1997","N20",0,0,0,0
"1997","N21",0,0,0,0
"1997","N22",0,0,0,0
"1997","N23",0,0,0,0
"1997","N24",0,0,0,0
"1997","N25",0,0,0,0
"1997","N26",0,0,0,0
"1997","N27",0,0,0,0
"1997","S01",0,0,0,0
"1997","S02",0.0361,0.1446,0,0.8193
"1997","S03",0,0,0.1429,0.8571
"1997","S04",0,0,0,0
"1997","S05",0.1143,0.0857,0.1429,0.6571
"1997","S06",0,0,0,0
"1997","S07",0.2,0,0.15,0.65
"1997","S08",0,0,0,0
"1997","S09",0,0,0,0
"1997","S10",0,0,0,1
"1997","S11",0,0,0,0
"1997","S12",0,0,0,0
"1997","S13",0,0,0,0
"1997","S14",0,0,0,0
"1997","S15",0,0,0,0
"1997","S16",0,0,0,0
"1997","S17",0,0,0,0
"1997","S18",0,0,0,0
"1997","S19",0,0,0,0
"1997","S20",0,0,0,0
"1997","S21",0,0,0,0
"1997","S22",0,0,0,0
"1997","S23",0,0,0,0
"1997","S24",0,0,0,0
"1997","YAK",0,0,0.8462,0.1538
"1998","GBYA",0,0,0,0
"1998","GBYB",0,0,0,0
"1998","GBYC",0,0,0,0
"1998","N01",0,0,0,0
"1998","N02",0.209,0.2985,0.1343,0.3582
"1998","N03",0.1364,0.0909,0.0909,0.6818
"1998","N04",0.125,0.25,0.0625,0.5625
"1998","N05",0.0488,0.0976,0.1463,0.7073
"1998","N06",0,0,0,0
"1998","N07",1,0,0,0
"1998","N08",0,0,0,0
"1998","N09",0,0,0.5,0.5
"1998","N10",0,0,0,0
"1998","N11",0,0,0,0
"1998","N12",0,0,0,0
"1998","N13",0,0,0,0
"1998","N14",0,0,0,0
"1998","N15",0,0,0,0
"1998","N16",0,0,1,0
"1998","N17",0,0,0,0
"1998","N18",0,0,0,0
"1998","N19",0,0,0,0
"1998","N20",0,0,0,0
"1998","N21",0,0,0,0
"1998","N22",0,0,0,0
"1998","N23",0,0,0,0
"1998","N24",0,0,0,0
"1998","N25",0,0,0,0
"1998","N26",0,0,0,0
"1998","N27",0,0,0,0
"1998","S01",0,0,0,0
"1998","S02",0.1486,0.1081,0.0541,0.6892
"1998","S03",0.0526,0.1053,0.0526,0.7895
"1998","S04",0,0,0,0
"1998","S05",0,0.3333,0.3333,0.3333
"1998","S06",0,0,0,0
"1998","S07",0,0,0,0
"1998","S08",0,0,0,0
"1998","S09",0,0,0,0
"1998","S10",0,0.6667,0,0.3333
"1998","S11",0,0,0,0
"1998","S12",0,0,0,0
"1998","S13",0,0,0,0
"1998","S14",0,0,0,0
"1998","S15",0,0,0,0
"1998","S16",0,0,0,0
"1998","S17",0,0,0,0
"1998","S18",0,0,0,0
"1998","S19",0,0,0,0
"1998","S20",0,0,0,0
"1998","S21",0,0,0,0
"1998","S22",0,0,0,0
"1998","S23",0,0,0,0
"1998","S24",0,0,0,0
"1998","YAK",0.129,0.0968,0.1935,0.5806
"1999","GBYA",0,0,0,0
"1999","GBYB",0,0,0,0
"1999","GBYC",0,0,0,0
"1999","N01",0,0,0,0
"1999","N02",0.075,0.325,0.1,0.5
"1999","N03",0,0.1429,0.4286,0.4285
"1999","N04",0,0.2353,0.1176,0.6471
"1999","N05",0.125,0.125,0.0625,0.6875
"1999","N06",0,0,0,0
"1999","N07",0,0,0,1
"1999","N08",0,0,0,0
"1999","N09",0,0.6667,0,0.3333
"1999","N10",0,0,0,0
"1999","N11",0,0,0,0
"1999","N12",0,0,0,0
"1999","N13",0,0,0,0
"1999","N14",0,0,0,0
"1999","N15",0,0,0,0
"1999","N16",0,0,0,1
"1999","N17",0,0,0,0
"1999","N18",0,0,0,0
"1999","N19",0,0,0,0
"1999","N20",0,0,0,0
"1999","N21",0,0,0,0
"1999","N22",0,0,0,0
"1999","N23",0,0,0,0
"1999","N24",0,0,0,0
"1999","N25",0,0,0,0
"1999","N26",0,0,0,0
"1999","N27",0,0,0,0
"1999","S01",0,0.5854,0,0.4146
"1999","S02",0.087,0.1304,0.1594,0.6232
"1999","S03",0.0909,0.0909,0.0909,0.7273
"1999","S04",0,0,0,0
"1999","S05",0.0667,0.2,0.0667,0.6666
"1999","S06",0,0,0,0
"1999","S07",0,0,0,0
"1999","S08",0,0,0,0
"1999","S09",0,0,0,0
"1999","S10",0,0,0,1
"1999","S11",0,0,0,0
"1999","S12",0,0,0,0
"1999","S13",0,0,0,0
"1999","S14",0,0,0,0
"1999","S15",0,0,0,0
"1999","S16",0,0,0,0
"1999","S17",0,0,0,0
"1999","S18",0,0,0,0
"1999","S19",0,0,0,0
"1999","S20",0,0,0,0
"1999","S21",0,0,0,0
"1999","S22",0,0,0,0
"1999","S23",0,0,0,0
"1999","S24",0,0,0,0
"1999","YAK",0,0,0,1
"2000","GBYA",0,0,0,0
"2000","GBYB",0,0,0,0
"2000","GBYC",0,0,0,0
"2000","N01",0,0,0,0
"2000","N02",0,0.1111,0,0.8889
"2000","N03",0,0.3333,0,0.6667
"2000","N04",0.0392,0.1176,0.3137,0.5294
"2000","N05",0.0588,0.1176,0.2059,0.6176
"2000","N06",0,0,0,0
"2000","N07",0,0,0,0
"2000","N08",0,0,0,1
"2000","N09",0,0.375,0,0.625
"2000","N10",0,0,0,0
"2000","N11",0,0,0,0
"2000","N12",0,0,0,0
"2000","N13",0,0,0,0
"2000","N14",0,0,0,0
"2000","N15",0,0,0,0
"2000","N16",0,0,0,0
"2000","N17",0,0,0,0
"2000","N18",0,0,0,0
"2000","N19",0,0,0,0
"2000","N20",0,0,0,0
"2000","N21",0,0,0,0
"2000","N22",0,0,0,0
"2000","N23",0,0,0,0
"2000","N24",0,0,0,0
"2000","N25",0,0,0,0
"2000","N26",0,0,0,0
"2000","N27",0,0,0,0
"2000","S01",0,0.3,0,0.7
"2000","S02",0,0.0588,0,0.9412
"2000","S03",0.1081,0.1081,0.0541,0.7297
"2000","S04",0.3333,0.3333,0,0.3333
"2000","S05",0.1149,0.3218,0.092,0.4713
"2000","S06",0,0,0.1818,0.8182
"2000","S07",0,0,0,1
"2000","S08",1,0,0,0
"2000","S09",0,0,0,1
"2000","S10",0,0,0,0
"2000","S11",0,0,0,0
"2000","S12",0,0,0,0
"2000","S13",0,0,0,0
"2000","S14",0,0,0,0
"2000","S15",0,0,0,0
"2000","S16",0,0,0,0
"2000","S17",0,0,0,0
"2000","S18",0,0,0,0
"2000","S19",0,0,0,0
"2000","S20",0,0,0,0
"2000","S21",0,0,0,0
"2000","S22",0,0,0,0
"2000","S23",0,0,0,0
"2000","S24",0,0,0,0
"2000","YAK",0.1154,0.2692,0.1923,0.4231
"2001","GBYA",0,0,0,0
"2001","GBYB",0,0,0,0
"2001","GBYC",0,0,0,0
"2001","N01",0,0,0,0
"2001","N02",0.0526,0.4737,0.1053,0.3684
"2001","N03",0,0,0,1
"2001","N04",0,0.3167,0.0333,0.65
"2001","N05",0.0392,0.0784,0.0196,0.8627
"2001","N06",0,0,0,0
"2001","N07",0,0,0,0
"2001","N08",0,0,0,1
"2001","N09",0,0.25,0,0.75
"2001","N10",0,0,0,0
"2001","N11",0,0,0,0
"2001","N12",0,0,0,0
"2001","N13",0,0,0,0
"2001","N14",0,0,0,0
"2001","N15",0,0,0,0
"2001","N16",0,0,0,0
"2001","N17",0,0,0,0
"2001","N18",0,0,0,0
"2001","N19",0,0,0,0
"2001","N20",0,0,0,0
"2001","N21",0,0,0,0
"2001","N22",0,0,0,0
"2001","N23",0,0,0,0
"2001","N24",0,0,0,0
"2001","N25",0,0,0,0
"2001","N26",0,0,0,0
"2001","N27",0,0,0,0
"2001","S01",0,0.1667,0.1667,0.6666
"2001","S02",0.0588,0.3529,0.1176,0.4706
"2001","S03",0.1667,0.1667,0.1905,0.4761
"2001","S04",0.1667,0.381,0.1667,0.2856
"2001","S05",0,0,0,1
"2001","S06",0,0.1429,0,0.8571
"2001","S07",0.125,0.375,0.25,0.25
"2001","S08",0.1111,0.1111,0.3333,0.4444
"2001","S09",0,0,0,0
"2001","S10",0.0233,0.0465,0.0465,0.8837
"2001","S11",0,0,0,0
"2001","S12",0,0,0,0
"2001","S13",0,0,0,0
"2001","S14",0,0,0,0
"2001","S15",0,0,0,0
"2001","S16",0,0,0,0
"2001","S17",0,0,0,0
"2001","S18",0,0,0,0
"2001","S19",0,0,0,0
"2001","S20",0,0,0,0
"2001","S21",0,0,0,0
"2001","S22",0,0,0,0
"2001","S23",0,0,0,0
"2001","S24",0,0,0,0
"2001","YAK",0,0.2222,0.2222,0.5556
"2002","GBYA",0,0,0,0
"2002","GBYB",0,0,0,0
"2002","GBYC",0,0,0,0
"2002","N01",0,0,0,0
"2002","N02",0.0526,0.3158,0.1053,0.5263
"2002","N03",0,0.3056,0,0.6944
"2002","N04",0.069,0.7241,0,0.2069
"2002","N05",0.0227,0.1818,0.0455,0.75
"2002","N06",0,0,0,0
"2002","N07",0,0,0,1
"2002","N08",0,0,0,1
"2002","N09",0,0,0,1
"2002","N10",0,0,0,0
"2002","N11",0,0,0,0
"2002","N12",0,0,0,0
"2002","N13",0,0,0,0
"2002","N14",0,0,0,0
"2002","N15",0,0,0,0
"2002","N16",0,0,0,0
"2002","N17",0,0,0,0
"2002","N18",0,0,0,0
"2002","N19",0,0,0,0
"2002","N20",0,0,0,0
"2002","N21",0,0,0,0
"2002","N22",0,0,0,0
"2002","N23",0,0,0,0
"2002","N24",0,0,0,0
"2002","N25",0,0,0,0
"2002","N26",0,0,0,0
"2002","N27",0,0,0,0
"2002","S01",0.0588,0.4118,0.1765,0.3529
"2002","S02",0.0909,0.1818,0.1364,0.5909
"2002","S03",0,0.0333,0,0.9667
"2002","S04",0,0,0,1
"2002","S05",0.375,0.25,0.125,0.25
"2002","S06",0.25,0.25,0,0.5
"2002","S07",0,0,0,0
"2002","S08",0.25,0.5,0,0.25
"2002","S09",0.2222,0.2222,0.1111,0.4444
"2002","S10",0.1739,0.1739,0.1304,0.5217
"2002","S11",0,0,0,0
"2002","S12",0,0,0,0
"2002","S13",0,0,0,0
"2002","S14",0,0,0,0
"2002","S15",0,0,0,0
"2002","S16",0,0,0,0
"2002","S17",0,0,0,0
"2002","S18",0,0,0,0
"2002","S19",0,0,0,0
"2002","S20",0,0,0,0
"2002","S21",0,0,0,0
"2002","S22",0,0,0,0
"2002","S23",0,0,0,0
"2002","S24",0,0,0,0
"2002","YAK",0.0851,0.0426,0.2553,0.617
"2003","GBYA",0,0,0,0
"2003","GBYB",0,0,0,0
"2003","GBYC",0,0,0,0
"2003","N01",0,0,0,0
"2003","N02",0.0164,0.2623,0.1475,0.5738
"2003","N03",0.1739,0.3043,0,0.5217
"2003","N04",0,0.3889,0,0.6111
"2003","N05",0.0364,0.0727,0.0727,0.8182
"2003","N06",0,0,0,0
"2003","N07",0,0.25,0.25,0.5
"2003","N08",0,0.1333,0,0.8667
"2003","N09",0,0,0,1
"2003","N10",0,0,0,0
"2003","N11",0,0,0,0
"2003","N12",0,0,0,0
"2003","N13",0,0,0,0
"2003","N14",0,0,0,0
"2003","N15",0,0,0,0
"2003","N16",0,0,0,0
"2003","N17",0,0,0,0
"2003","N18",0,0,0,0
"2003","N19",0,0,0,0
"2003","N20",0.25,0.5,0,0.25
"2003","N21",0,0,0,0
"2003","N22",0,0,0,0
"2003","N23",0,0,1,0
"2003","N24",0,0,0,0
"2003","N25",0,0,0,0
"2003","N26",0,0,0,0
"2003","N27",0,0,0,0
"2003","S01",0,0,0,0
"2003","S02",0.0595,0.3452,0.0714,0.5238
"2003","S03",0,0.2,0.04,0.76
"2003","S04",0,0,0,0
"2003","S05",0,0,0,1
"2003","S06",0.0526,0.2632,0.2105,0.4737
"2003","S07",0,0,0,0
"2003","S08",0,0.0769,0.0769,0.8462
"2003","S09",0,0,0,0
"2003","S10",0,0.3333,0,0.6667
"2003","S11",0,0,0,0
"2003","S12",0,0,0,1
"2003","S13",0,0,0,0
"2003","S14",0,0,0,0
"2003","S15",0,0,0,0
"2003","S16",0,0,0,0
"2003","S17",0,0,0,0
"2003","S18",0,0,0,0
"2003","S19",0,0,0,0
"2003","S20",0,0,0,0
"2003","S21",0,0,0,0
"2003","S22",0,0,0,0
"2003","S23",0,0,0,0
"2003","S24",0,0,0,0
"2003","YAK",0.1538,0.0385,0.1538,0.6538
"2004","GBYA",0,0,0,0
"2004","GBYB",0,0,0,0
"2004","GBYC",0,0,0,0
"2004","N01",0,0,0,0
"2004","N02",0.0556,0.3889,0.0833,0.4722
"2004","N03",0,0.1667,0.0556,0.7777
"2004","N04",0,0,0,1
"2004","N05",0.0179,0.25,0.0893,0.6428
"2004","N06",0,0,0,0
"2004","N07",0,0,0,0
"2004","N08",0,0,0.037,0.963
"2004","N09",0,1,0,0
"2004","N10",0,0,0,0
"2004","N11",0,0,0,0
"2004","N12",0,0,0,0
"2004","N13",0,0,0,0
"2004","N14",0,0,0,0
"2004","N15",0,0,0,0
"2004","N16",0,0,0,0
"2004","N17",0,0,0,0
"2004","N18",0,0,0,0
"2004","N19",0,0,0,0
"2004","N20",0,0,0,0
"2004","N21",0,0,0,0
"2004","N22",0,0,0,0
"2004","N23",0,0,0,0
"2004","N24",0,0,0,0
"2004","N25",0,0,0,0
"2004","N26",0,0,0,0
"2004","N27",0,0,0,0
"2004","S01",0,0,0,0
"2004","S02",0,0.0441,0.0294,0.9265
"2004","S03",0,0,0,1
"2004","S04",0,0,0,0
"2004","S05",0.1304,0.2609,0.1739,0.4348
"2004","S06",0,0,0,0
"2004","S07",0,0,0,1
"2004","S08",0,0.0556,0,0.9444
"2004","S09",0,0,0,0
"2004","S10",0,0,0,1
"2004","S11",0,0,0,0
"2004","S12",0,0,0,0
"2004","S13",0,0,0,0
"2004","S14",0,0,0,0
"2004","S15",0,0,0,0
"2004","S16",0,0,0,0
"2004","S17",0,0,0,0
"2004","S18",0,0,0,0
"2004","S19",0,0,0,0
"2004","S20",0,0,0,0
"2004","S21",0,0,0,0
"2004","S22",0,0,0,0
"2004","S23",0,0,0,0
"2004","S24",0,0,0,0
"2004","YAK",0.0952,0.2857,0.1905,0.4286
"2005","GBYA",0,0,0,0
"2005","GBYB",0,0,0,0
"2005","GBYC",0,0,0,0
"2005","N01",0,0,0,0
"2005","N02",0.0308,0.4308,0.0462,0.4922
"2005","N03",0,0,0.3333,0.6667
"2005","N04",0,0.25,0.25,0.5
"2005","N05",0.012,0.2169,0.0241,0.747
"2005","N06",0,0,0,0
"2005","N07",0,0.25,0.25,0.5
"2005","N08",0,0,0,1
"2005","N09",0,0,0,0
"2005","N10",0,0,0,0
"2005","N11",0,0,0,0
"2005","N12",0,0,0,0
"2005","N13",0,0,0,0
"2005","N14",0,0,0,0
"2005","N15",0,0,0,0
"2005","N16",0,0,0,0
"2005","N17",0,0,0,0
"2005","N18",0,0,0,0
"2005","N19",0,0,0,0
"2005","N20",0,0,0,0
"2005","N21",0,0,0,0
"2005","N22",0,0,0,0
"2005","N23",0,0,0,0
"2005","N24",0,0,0,0
"2005","N25",0,0,0,0
"2005","N26",0,0,0,0
"2005","N27",0,0,0,0
"2005","S01",0,0,0,0
"2005","S02",0.0854,0.122,0.122,0.6706
"2005","S03",0,0,0.1,0.9
"2005","S04",0,0,0,0
"2005","S05",0,0,0,0
"2005","S06",0,0,0,0
"2005","S07",0,0.3636,0,0.6364
"2005","S08",0.1111,0,0.3333,0.5556
"2005","S09",0,0,0,0
"2005","S10",0.3333,0,0,0.6667
"2005","S11",0,0,0,0
"2005","S12",0,0,0,0
"2005","S13",0,0,0,0
"2005","S14",0,0,0,0
"2005","S15",0,0,0,0
"2005","S16",0,0,0,0
"2005","S17",0,0,0,0
"2005","S18",0,0,0,0
"2005","S19",0,0,0,0
"2005","S20",0,0,0,0
"2005","S21",0,0,0,0
"2005","S22",0,0,0,0
"2005","S23",0,0,0,0
"2005","S24",0,0,0,0
"2005","YAK",0.0806,0.0645,0.0161,0.8387
"2006","GBYA",0,0,0,0
"2006","GBYB",0,0,0,0
"2006","GBYC",0,0,0,0
"2006","N01",0,0,0,0
"2006","N02",0.0294,0.5294,0.0588,0.3824
"2006","N03",0,0,0,1
"2006","N04",0,0,1,0
"2006","N05",0.1839,0.2874,0.1609,0.3678
"2006","N06",0,0,0,0
"2006","N07",0,0,0,1
"2006","N08",0,0,0,1
"2006","N09",0,0,0.5,0.5
"2006","N10",0,0,0,0
"2006","N11",0,0,0,0
"2006","N12",0,0,0,0
"2006","N13",0,0,0,0
"2006","N14",0,0,0,0
"2006","N15",0,0,0,0
"2006","N16",0,0,0,0
"2006","N17",0,0,0,0
"2006","N18",0,0,0,0
"2006","N19",0,0,0,0
"2006","N20",0,0,0,0
"2006","N21",0,0,0,0
"2006","N22",0,0,0,0
"2006","N23",0,0,0,0
"2006","N24",0,0,0,0
"2006","N25",0,0,0,0
"2006","N26",0,0,0,0
"2006","N27",0,0,0,0
"2006","S01",0,0,0,0
"2006","S02",0.025,0.45,0.1,0.425
"2006","S03",0,0.1613,0.1613,0.6774
"2006","S04",0,0,0,0
"2006","S05",0,0,0,0
"2006","S06",0,0,0,0
"2006","S07",0,0,0,0
"2006","S08",0,0,0,0
"2006","S09",0,0,0,0
"2006","S10",0.4,0,0,0.6
"2006","S11",0,0,0,0
"2006","S12",0,0,0,0
"2006","S13",0,0,0,0
"2006","S14",0,0,0,0
"2006","S15",0,0,0,0
"2006","S16",0,0,0,0
"2006","S17",0,0,0,0
"2006","S18",0,0,0,0
"2006","S19",0,0,0,0
"2006","S20",0,0,0,0
"2006","S21",0,0,0,0
"2006","S22",0,0,0,0
"2006","S23",0,0,0,0
"2006","S24",0,0,0,0
"2006","YAK",0.1034,0.1034,0.3621,0.431
"2007","GBYA",0,0,0,0
"2007","GBYB",0,0,0,0
"2007","GBYC",0,0,0,0
"2007","N01",0,0,0,0
"2007","N02",0.0476,0.2857,0.0952,0.5714
"2007","N03",0.0294,0.2647,0.1765,0.5294
"2007","N04",0,0.3333,0.1667,0.5
"2007","N05",0.0562,0.2,0.1312,0.6125
"2007","N06",0,0,0,0
"2007","N07",0,0.1667,0,0.8333
"2007","N08",0,0,0,1
"2007","N09",0,0,0,1
"2007","N10",0,0,0,0
"2007","N11",0,0,0,0
"2007","N12",0,0,0,0
"2007","N13",0,0,0,0
"2007","N14",0,0,0,0
"2007","N15",0,0,0,0
"2007","N16",0,0,0,0
"2007","N17",0,0,0,0
"2007","N18",0,0,0,0
"2007","N19",0,0,0,0
"2007","N20",0,0,0,0
"2007","N21",0,0,0,1
"2007","N22",0,0,0,0
"2007","N23",0,0,0,0
"2007","N24",0,0,0,0
"2007","N25",0,0,0,0
"2007","N26",0,0,0,0
"2007","N27",0,0,0,0
"2007","S01",0,0,0,0
"2007","S02",0.0156,0.0312,0.0312,0.9219
"2007","S03",0.0625,0.3125,0.0625,0.5625
"2007","S04",0,0,0,0
"2007","S05",0.25,0.25,0,0.5
"2007","S06",0,0,0,0
"2007","S07",0.0222,0.0889,0,0.8889
"2007","S08",0,0,0,1
"2007","S09",0,0,0,0
"2007","S10",1,0,0,0
"2007","S11",0,0,0,0
"2007","S12",0,0,0,1
"2007","S13",0,0,0,0
"2007","S14",0,0,0,0
"2007","S15",0,0,0,0
"2007","S16",0,0,0,0
"2007","S17",0,0,0,0
"2007","S18",0,0,0,0
"2007","S19",0,0,0,0
"2007","S20",0,0,0,0
"2007","S21",0,0,0,0
"2007","S22",0,0,0,0
"2007","S23",0,0,0,0
"2007","S24",0,0,0,0
"2007","YAK",0.1622,0.027,0.1892,0.6216
"2008","GBYA",0,0,0,0
"2008","GBYB",0,0,0,0
"2008","GBYC",0,0,0,0
"2008","N01",0,0,0,0
"2008","N02",0.0185,0.1111,0.1111,0.7593
"2008","N03",0,0,0,1
"2008","N04",0,0,0,0
"2008","N05",0.0619,0.2165,0.1031,0.6185
"2008","N06",0,0,0,0
"2008","N07",0,0,0,0
"2008","N08",0,0.0556,0.0556,0.8888
"2008","N09",0,0.5556,0,0.4444
"2008","N10",0,0,0,0
"2008","N11",1,0,0,0
"2008","N12",0,0,0,0
"2008","N13",0,0,0,0
"2008","N14",0,0,0,0
"2008","N15",0,0,0,0
"2008","N16",0,0,0,0
"2008","N17",0,0,0,0
"2008","N18",0,0,0,0
"2008","N19",0,0,0,0
"2008","N20",0,0,0,0
"2008","N21",0,0,0,0
"2008","N22",0,0,0,0
"2008","N23",0,0,0,0
"2008","N24",0,0,0,0
"2008","N25",0,0,0,0
"2008","N26",0,0,0,0
"2008","N27",0,0,0,0
"2008","S01",0,0,0,0
"2008","S02",0.125,0.125,0.125,0.625
"2008","S03",0.0909,0.1818,0.0909,0.6364
"2008","S04",0,0,0,0
"2008","S05",0,0,0,0
"2008","S06",0,0,0,0
"2008","S07",0.0714,0.5,0.0714,0.3571
"2008","S08",0,0,0,1
"2008","S09",0,0,0,0
"2008","S10",0.2857,0.1429,0,0.5714
"2008","S11",0,0,0,0
"2008","S12",0,0,0,0
"2008","S13",0,0,0,0
"2008","S14",0,0,0,0
"2008","S15",0,0,0,0
"2008","S16",0,0,0,0
"2008","S17",0,0,0,0
"2008","S18",0,0,0,0
"2008","S19",0,0,0,0
"2008","S20",0,0,0,0
"2008","S21",0,0,0,0
"2008","S22",0,0,0,0
"2008","S23",0,0,0,0
"2008","S24",0,0,0,0
"2008","YAK",0,0,0.25,0.75
"2009","GBYA",0,0,0,0
"2009","GBYB",0,0,0,0
"2009","GBYC",0,0,0,0
"2009","N01",0,0,0,0
"2009","N02",0.0204,0.2449,0.0612,0.6735
"2009","N03",0,0.125,0,0.875
"2009","N04",0.1081,0.4054,0.0541,0.4324
"2009","N05",0.0568,0.4659,0.1023,0.375
"2009","N06",0,0,0,1
"2009","N07",0,0,0,0
"2009","N08",0,0,0.0769,0.9231
"2009","N09",0,0,0,0
"2009","N10",0,0,0,0
"2009","N11",0,0,0,0
"2009","N12",0,0,0,0
"2009","N13",0,0,0,0
"2009","N14",0,0,0,0
"2009","N15",0,0,0,0
"2009","N16",0,0,0,0
"2009","N17",0,0,0,0
"2009","N18",0,0,0,0
"2009","N19",0,0,0,0
"2009","N20",0,0,0,0
"2009","N21",0,0,0,0
"2009","N22",0,0,0,0
"2009","N23",0,0,0,0
"2009","N24",0,0,0,0
"2009","N25",0,0,0,0
"2009","N26",0,0,0,0
"2009","N27",0,0,0,0
"2009","S01",0,0,0,0
"2009","S02",0.0352,0.1831,0.0211,0.7606
"2009","S03",0.0568,0.3523,0.0682,0.5227
"2009","S04",0,0,0,0
"2009","S05",0,0,0,0
"2009","S06",0,0,0,0
"2009","S07",0,0,0,0
"2009","S08",0,0,0.5,0.5
"2009","S09",0,0,0,0
"2009","S10",0,0.0714,0.1429,0.7857
"2009","S11",0,0,0,0
"2009","S12",0,0,0,0
"2009","S13",0,0,0,0
"2009","S14",0,0,0,0
"2009","S15",0,0,0,0
"2009","S16",0,0,0,0
"2009","S17",0,0,0,0
"2009","S18",0,0,0,0
"2009","S19",0,0,0,0
"2009","S20",0,0,0,0
"2009","S21",0,0,0,0
"2009","S22",0,0,0,0
"2009","S23",0,0,0,0
"2009","S24",0,0,0,0
"2009","YAK",0.0727,0.1,0.2273,0.6
"2010","GBYA",0,0,0,0
"2010","GBYB",0,0,0,0
"2010","GBYC",0,0,0,0
"2010","N01",0,0,0,0
"2010","N02",0.0175,0.3158,0,0.6667
"2010","N03",0,0.2,0,0.8
"2010","N04",0,0.75,0,0.25
"2010","N05",0.0622,0.228,0.0933,0.6165
"2010","N06",0,0,0,0
"2010","N07",0,0,0,0
"2010","N08",0,0.0303,0.303,0.6667
"2010","N09",0,0,0,0
"2010","N10",0,0,0,0
"2010","N11",0,0,0,0
"2010","N12",0,0,0,0
"2010","N13",0,0,0,0
"2010","N14",0,0,0,0
"2010","N15",0,0,0,0
"2010","N16",0,0,0,0
"2010","N17",0,0,0,0
"2010","N18",0,0,0,0
"2010","N19",0,0,0,0
"2010","N20",0,0,0,0
"2010","N21",0,0,0,0
"2010","N22",0,0,0,0
"2010","N23",0,0,0,0
"2010","N24",0,0,0,0
"2010","N25",0,0,0,0
"2010","N26",0,0,0,0
"2010","N27",0,0,0,0
"2010","S01",0,0,0,0
"2010","S02",0.0235,0.0588,0.0353,0.8824
"2010","S03",0.125,0.075,0.075,0.725
"2010","S04",0,0,0,0
"2010","S05",0.5,0,0,0.5
"2010","S06",0,0,0,0
"2010","S07",0,0,0,0
"2010","S08",0,0.0833,0.2083,0.7083
"2010","S09",0,0,0,0
"2010","S10",0,0.5,0,0.5
"2010","S11",0.25,0.4167,0,0.3333
"2010","S12",0,0,0,0
"2010","S13",0,0,0,0
"2010","S14",0,0,0,0
"2010","S15",0,0,0,0
"2010","S16",0,0,0,0
"2010","S17",0,0,0,0
"2010","S18",0,0,0,0
"2010","S19",0,0,0,0
"2010","S20",0,0,0,0
"2010","S21",0,0,0,0
"2010","S22",0,0,0,0
"2010","S23",0,0,0,0
"2010","S24",0,0,0,0
"2010","YAK",0.1098,0.1829,0.1463,0.561
"2011","GBYA",0,0,0,0
"2011","GBYB",0,0,0,0
"2011","GBYC",0,0,0,0
"2011","N01",0,0,0,0
"2011","N02",0.1111,0.25,0.1389,0.5
"2011","N03",0.1429,0,0.1429,0.7142
"2011","N04",0,0,0,1
"2011","N05",0.0571,0.4457,0.0686,0.4286
"2011","N06",0,0.3333,0,0.6667
"2011","N07",0,0,0,0
"2011","N08",0,0.2222,0.1111,0.6667
"2011","N09",0,0,0,0
"2011","N10",0,0,0,0
"2011","N11",0,0,0,0
"2011","N12",0,0,0,0
"2011","N13",0,0,0,0
"2011","N14",0,0,0,0
"2011","N15",0,0,0,0
"2011","N16",0,0,0,0
"2011","N17",0,0,0,0
"2011","N18",0,0,0,0
"2011","N19",0,0,0,0
"2011","N20",0,0,0,0
"2011","N21",0,0,0,0
"2011","N22",0,0,0,0
"2011","N23",0,0,0,0
"2011","N24",0,0,0,0
"2011","N25",0,0,0,0
"2011","N26",0,0,0,0
"2011","N27",0,0,0,0
"2011","S01",0,0,0,0
"2011","S02",0.039,0.1039,0.1299,0.7272
"2011","S03",0.1299,0.1039,0.1818,0.5844
"2011","S04",0,0,0,0
"2011","S05",0.0952,0.2381,0.2381,0.4286
"2011","S06",0,0,0,0
"2011","S07",0,0,0,0
"2011","S08",0.05,0.25,0.1,0.6
"2011","S09",0,0,0,0
"2011","S10",0.75,0.25,0,0
"2011","S11",0.061,0.2683,0.0854,0.5853
"2011","S12",0,0,0,1
"2011","S13",0,0,0,0
"2011","S14",0,0,0,0
"2011","S15",0,0,0,0
"2011","S16",0,0,0,0
"2011","S17",0,0,0,0
"2011","S18",0,0,0,0
"2011","S19",0,0,0,0
"2011","S20",0,0,0,0
"2011","S21",0,0,0,0
"2011","S22",0,0,0,0
"2011","S23",0,0,0,0
"2011","S24",0,0,0,0
"2011","YAK",0.1806,0.2222,0.1875,0.4097
"2012","GBYA",0,0,0,0
"2012","GBYB",0,0,0,0
"2012","GBYC",0,0,0,0
"2012","N01",0,0,0,0
"2012","N02",0,0.25,0.1316,0.6184
"2012","N03",0.3333,0,0,0.6667
"2012","N04",0.0556,0.5,0.1667,0.2777
"2012","N05",0.0405,0.3077,0.1336,0.5182
"2012","N06",0,0,0,0
"2012","N07",0,0,0,1
"2012","N08",0,0.1,0,0.9
"2012","N09",0,0,0,1
"2012","N10",0,0,0,0
"2012","N11",0,0,0,0
"2012","N12",0,0,0,0
"2012","N13",0,0,0,0
"2012","N14",0,0,0,0
"2012","N15",0,0,0,0
"2012","N16",0,0,0,0
"2012","N17",0,0,0,0
"2012","N18",0,0,0,0
"2012","N19",0,0,0,0
"2012","N20",0,0,0,0
"2012","N21",1,0,0,0
"2012","N22",0,0,0,0
"2012","N23",0,0,0,0
"2012","N24",0,0,0,0
"2012","N25",0,0,0,0
"2012","N26",0,0,0,0
"2012","N27",0,0,0,0
"2012","S01",0,0,0,0
"2012","S02",0,0.0696,0.0783,0.8521
"2012","S03",0.0408,0.1633,0.1837,0.6122
"2012","S04",0,0,0,0
"2012","S05",0.1,0.1333,0.1,0.6667
"2012","S06",0,0,0.3333,0.6667
"2012","S07",1,0,0,0
"2012","S08",0.0699,0.2587,0.007,0.6643
"2012","S09",0,0,0,0
"2012","S10",0,0,0.3636,0.6364
"2012","S11",0.0204,0.0612,0,0.9184
"2012","S12",0,0,0,0
"2012","S13",0,0,0,0
"2012","S14",0,0,0,0
"2012","S15",0,0,0,0
"2012","S16",0,0,0,0
"2012","S17",0,0,0,0
"2012","S18",0,0,0,0
"2012","S19",0,0,0,0
"2012","S20",0,0,0,0
"2012","S21",0,0,0,0
"2012","S22",0,0,0,0
"2012","S23",0,0,0,0
"2012","S24",0,0,0,0
"2012","YAK",0.0804,0.1607,0.1339,0.625
"2013","GBYA",0,0,0,0
"2013","GBYB",0,0,0,0
"2013","GBYC",0,0,0,0
"2013","N01",0,0,0,0
"2013","N02",0.0187,0.2617,0.0093,0.7103
"2013","N03",0,0,0,0
"2013","N04",0.0667,0.3667,0.1,0.4666
"2013","N05",0.0813,0.5447,0.0671,0.3069
"2013","N06",0,0,0,0
"2013","N07",0,0,0,1
"2013","N08",0,0.0426,0,0.9574
"2013","N09",0,0.2143,0.1429,0.6428
"2013","N10",0,0,0,0
"2013","N11",0,0,0,0
"2013","N12",0,0,0,0
"2013","N13",0,0,0,0
"2013","N14",0,0,0,0
"2013","N15",0,0,0,0
"2013","N16",0,0,0,0
"2013","N17",0,0,0,0
"2013","N18",0,0,0,0
"2013","N19",0,0,0,0
"2013","N20",0,0,0,1
"2013","N21",0,0,1,0
"2013","N22",0,0,0,0
"2013","N23",0,0,0,0
"2013","N24",0,0,0,0
"2013","N25",0,0,0,0
"2013","N26",0,0,0,0
"2013","N27",0,0,0,0
"2013","S01",0,0,0,0
"2013","S02",0.0408,0.2143,0.102,0.6429
"2013","S03",0.0396,0.1584,0.0594,0.7426
"2013","S04",0.1579,0.2105,0.1579,0.4737
"2013","S05",0,0.5,0,0.5
"2013","S06",0,0,1,0
"2013","S07",0,0,0,0
"2013","S08",0,0.3897,0.0051,0.6051
"2013","S09",0,0,0,1
"2013","S10",0.0909,0,0,0.9091
"2013","S11",0,0.1163,0.0465,0.8372
"2013","S12",0,0,0,1
"2013","S13",0,0,0.5,0.5
"2013","S14",0,0,0,0
"2013","S15",0,0,0,0
"2013","S16",0,0,0,0
"2013","S17",0,0,0,0
"2013","S18",0,0,0,0
"2013","S19",0,0,0,0
"2013","S20",0,0,0,0
"2013","S21",0,0,0,0
"2013","S22",0,0,0,0
"2013","S23",0,0,0,0
"2013","S24",0,0,0,0
"2013","YAK",0.1061,0.2475,0.0859,0.5605
"2014","GBYA",0,0,0,0
"2014","GBYB",0,0,0,0
"2014","GBYC",0,0,0,0
"2014","N01",0,0,0,0
"2014","N02",0.0323,0.3226,0.129,0.5161
"2014","N03",0,0,0,0
"2014","N04",0.08,0.76,0.08,0.08
"2014","N05",0.0927,0.4073,0.0887,0.4113
"2014","N06",0,0,0,0
"2014","N07",0,0,0,0
"2014","N08",0,0.0857,0.0286,0.8857
"2014","N09",0,0.2105,0,0.7895
"2014","N10",0,0,0,0
"2014","N11",0,0.3333,0,0.6667
"2014","N12",0,0,0,0
"2014","N13",0,0,0,0
"2014","N14",0,0,0,0
"2014","N15",0,0,0,0
"2014","N16",0,0,0,0
"2014","N17",0,0,0,0
"2014","N18",0,0,0,0
"2014","N19",0,0,0,0
"2014","N20",0,0,0,1
"2014","N21",0,0,0,0
"2014","N22",0,0,0,0
"2014","N23",0,0,0,0
"2014","N24",0,0,0,0
"2014","N25",0,0,0,0
"2014","N26",0,0,0,0
"2014","N27",0,0,0,0
"2014","S01",0,0,0,0
"2014","S02",0.0359,0.2814,0.1677,0.515
"2014","S03",0.0439,0.1316,0.0263,0.7982
"2014","S04",0,0,0,0
"2014","S05",0,0,0,0
"2014","S06",0,0,0.0714,0.9286
"2014","S07",0,0,0,0
"2014","S08",0.0076,0.2273,0,0.7651
"2014","S09",0,0,0,0
"2014","S10",0,0,0,0
"2014","S11",0,0.0312,0,0.9688
"2014","S12",0,0,0,0
"2014","S13",0,0,0,1
"2014","S14",0,0,0,0
"2014","S15",0,0,0,0
"2014","S16",0,0,0,0
"2014","S17",0,0,0,0
"2014","S18",0,0,0,0
"2014","S19",0,0,0,0
"2014","S20",0,0,0,0
"2014","S21",0,0,0,0
"2014","S22",0,0,0,0
"2014","S23",0,0,0,0
"2014","S24",0,0,0,0
"2014","YAK",0.0534,0.3252,0.0777,0.5437
"2015","GBYA",0,0,0,0
"2015","GBYB",0,0,0,0
"2015","GBYC",0,0,0,0
"2015","N01",0,0,0,0
"2015","N02",0,0.1818,0.0909,0.7273
"2015","N03",0,0,0,0
"2015","N04",0.0588,0.5588,0.1176,0.2647
"2015","N05",0.0487,0.3184,0.0674,0.5655
"2015","N06",0,0,0,0
"2015","N07",0.0652,0.3913,0.0217,0.5217
"2015","N08",0.0194,0.2,0.071,0.7096
"2015","N09",0.1111,0.3333,0,0.5556
"2015","N10",0,0,0,0
"2015","N11",0,0,0,0
"2015","N12",0,0,0,0
"2015","N13",0,0,0,0
"2015","N14",0,0,0,0
"2015","N15",0,0,0,0
"2015","N16",0,0,0,0
"2015","N17",0,0,0,0
"2015","N18",0,0,0,0
"2015","N19",0,0,0,0
"2015","N20",0,0,0,0
"2015","N21",0,0,0,0
"2015","N22",0,0,0,0
"2015","N23",0,0,0,0
"2015","N24",0,0,0,0
"2015","N25",0,0,0,0
"2015","N26",0,0,0,0
"2015","N27",0,0,0,0
"2015","S01",0,0,0,0
"2015","S02",0.125,0.2396,0.0833,0.5521
"2015","S03",0.0952,0.1714,0.1143,0.619
"2015","S04",0,0,0.5,0.5
"2015","S05",0.1111,0.7407,0.037,0.1111
"2015","S06",0,0,0,1
"2015","S07",0,0,0,0
"2015","S08",0.0208,0.4792,0,0.5
"2015","S09",0,0.1667,0,0.8333
"2015","S10",0,0.6,0,0.4
"2015","S11",0,0.0606,0.0606,0.8788
"2015","S12",0,0,0,0
"2015","S13",0,0,0,0
"2015","S14",0,0,0,0
"2015","S15",0,0,0,0
"2015","S16",0,0,0,0
"2015","S17",0,0,0,0
"2015","S18",0,0,0,0
"2015","S19",0,0,0,0
"2015","S20",0,0,0,0
"2015","S21",0,0,0,0
"2015","S22",0,0,0,0
"2015","S23",0,0,0,0
"2015","S24",0,0,0,0
"2015","YAK",0.0774,0.3161,0.1032,0.5032
