"Var1","Var2","value"
"S10","Angoon",6.02447785938204e-06
"N07","Angoon",1.16409047675376e-05
"N09","Angoon",2.21310721112452e-05
"GBYA","Angoon",4.98139332634562e-06
"N02","Angoon",8.98030260488137e-06
"N01","Angoon",4.72770666913662e-06
"N03","Angoon",1.15704046447569e-05
"N04","Angoon",1.08914932812539e-05
"N05","Angoon",1.1735322133427e-05
"N06","Angoon",9.54892807813027e-06
"N10","Angoon",3.25740895923797e-05
"N11","Angoon",2.01684278659275e-05
"N08","Angoon",8.90544334879922e-06
"S05","Angoon",3.07249715914428e-06
"S04","Angoon",3.70083129455414e-06
"S06","Angoon",3.19148085245481e-06
"S03","Angoon",4.1030954192954e-06
"S02","Angoon",4.5689358614672e-06
"S01","Angoon",6.18367845911724e-06
"S07","Angoon",8.77449206180436e-06
"S08","Angoon",1.1728531307744e-05
"S12","Angoon",6.80111508226864e-06
"S11","Angoon",6.67710379264282e-06
"S15","Angoon",3.13453836394562e-06
"S14","Angoon",2.88161203281202e-06
"YAK","Angoon",2.5045502682509e-06
"GBYC","Angoon",7.69259914978211e-06
"GBYB","Angoon",5.87763767697102e-06
"S13","Angoon",3.01134859681601e-06
"S20","Angoon",5.40238477484954e-06
"S17","Angoon",3.7553412018155e-06
"N15","Angoon",2.10057940096707e-05
"S22","Angoon",6.02249792915866e-06
"N20","Angoon",1.2669553230518e-05
"N14","Angoon",1.75216665309419e-05
"N16","Angoon",1.26845261372138e-05
"N23","Angoon",0.000106041489210884
"N22","Angoon",1.95163769951086e-05
"N13","Angoon",2.49482118278115e-05
"N18","Angoon",1.90342995865117e-05
"N27","Angoon",5.16248937604663e-06
"N21","Angoon",1.0733058949683e-05
"N26","Angoon",7.60325279722659e-06
"N25","Angoon",8.12344462564288e-06
"N24","Angoon",1.02415775099022e-05
"N17","Angoon",1.41827341066737e-05
"N12","Angoon",3.12840511042918e-05
"N19","Angoon",1.34346748897861e-05
"S23","Angoon",9.32183504512273e-06
"S16","Angoon",3.86055574861823e-06
"S24","Angoon",2.52273336458966e-06
"S21","Angoon",4.48364044543152e-06
"S18","Angoon",3.66168243862228e-06
"S19","Angoon",4.95443264911859e-06
"S09","Angoon",8.14846733646823e-06
"S10","Sitka",6.65747692484551e-06
"N07","Sitka",9.05764843060812e-06
"N09","Sitka",2.07976897513961e-05
"GBYA","Sitka",4.53353894192847e-06
"N02","Sitka",8.81225662322725e-06
"N01","Sitka",4.70596587330537e-06
"N03","Sitka",1.60256811113797e-05
"N04","Sitka",3.09514605606533e-05
"N05","Sitka",4.85676702912725e-05
"N06","Sitka",1.89345434608801e-05
"N10","Sitka",2.72985001364542e-05
"N11","Sitka",1.85845189638541e-05
"N08","Sitka",6.83302278789283e-06
"S05","Sitka",3.2434483761643e-06
"S04","Sitka",4.07248374984672e-06
"S06","Sitka",3.4340806618466e-06
"S03","Sitka",4.53152129291082e-06
"S02","Sitka",5.12756674072377e-06
"S01","Sitka",7.31702210968556e-06
"S07","Sitka",1.07088614697417e-05
"S08","Sitka",1.07117248179956e-05
"S12","Sitka",6.9668984308383e-06
"S11","Sitka",6.2708370452331e-06
"S15","Sitka",3.25993384366576e-06
"S14","Sitka",2.94875604424297e-06
"YAK","Sitka",2.5108825691948e-06
"GBYC","Sitka",6.48048005469402e-06
"GBYB","Sitka",5.08007570799518e-06
"S13","Sitka",3.12967460965747e-06
"S20","Sitka",5.55793246144641e-06
"S17","Sitka",3.75588136809344e-06
"N15","Sitka",1.27074817913648e-05
"S22","Sitka",5.48828142404554e-06
"N20","Sitka",7.22745515206085e-06
"N14","Sitka",1.04543312419255e-05
"N16","Sitka",8.58049167091355e-06
"N23","Sitka",1.58210174445411e-05
"N22","Sitka",9.58102321144963e-06
"N13","Sitka",9.34435272937244e-06
"N18","Sitka",8.47380608700991e-06
"N27","Sitka",4.24933790119523e-06
"N21","Sitka",7.26705979236556e-06
"N26","Sitka",5.73639569518506e-06
"N25","Sitka",5.81104093534796e-06
"N24","Sitka",6.91800921891614e-06
"N17","Sitka",7.49277731051693e-06
"N12","Sitka",1.1026543008538e-05
"N19","Sitka",8.21259973094261e-06
"S23","Sitka",7.23447253013869e-06
"S16","Sitka",3.98080414860886e-06
"S24","Sitka",2.53034707798571e-06
"S21","Sitka",4.18936924541837e-06
"S18","Sitka",3.48381755636198e-06
"S19","Sitka",4.92618225385577e-06
"S09","Sitka",8.82106387444407e-06
"S10","Klawock",1.45353480280074e-05
"N07","Klawock",3.16551173604032e-06
"N09","Klawock",3.91521424028645e-06
"GBYA","Klawock",2.31715717545587e-06
"N02","Klawock",3.03984477186263e-06
"N01","Klawock",2.32755585302021e-06
"N03","Klawock",3.57439553991513e-06
"N04","Klawock",4.16523654184451e-06
"N05","Klawock",4.40679963194577e-06
"N06","Klawock",5.84397816473601e-06
"N10","Klawock",4.39367276420723e-06
"N11","Klawock",5.35499891930421e-06
"N08","Klawock",2.88927263244203e-06
"S05","Klawock",1.08960822422353e-05
"S04","Klawock",2.2825289292067e-05
"S06","Klawock",1.25015974351195e-05
"S03","Klawock",4.33993071963296e-05
"S02","Klawock",3.29327661119585e-05
"S01","Klawock",1.23028777719576e-05
"S07","Klawock",7.9835108609632e-06
"S08","Klawock",6.665036715834e-06
"S12","Klawock",1.11517838908941e-05
"S11","Klawock",9.65033011229332e-06
"S15","Klawock",1.11458356843525e-05
"S14","Klawock",8.06244898819605e-06
"YAK","Klawock",1.62461878499853e-06
"GBYC","Klawock",2.76633079727395e-06
"GBYB","Klawock",2.48077852098874e-06
"S13","Klawock",9.7744374241387e-06
"S20","Klawock",1.76432303717981e-05
"S17","Klawock",1.34548791521666e-05
"N15","Klawock",3.60670069404976e-06
"S22","Klawock",9.01454475526602e-06
"N20","Klawock",3.27821873275267e-06
"N14","Klawock",3.44488483123126e-06
"N16","Klawock",3.19850852589993e-06
"N23","Klawock",4.44778894922739e-06
"N22","Klawock",3.51213773816468e-06
"N13","Klawock",3.93466647761563e-06
"N18","Klawock",3.68218681377115e-06
"N27","Klawock",2.34295946332005e-06
"N21","Klawock",3.05660419350061e-06
"N26","Klawock",2.73822240961516e-06
"N25","Klawock",2.8190075581743e-06
"N24","Klawock",3.02101569667159e-06
"N17","Klawock",4.19180994053078e-06
"N12","Klawock",4.52310924101394e-06
"N19","Klawock",5.08412850836575e-06
"S23","Klawock",6.28579925147195e-06
"S16","Klawock",2.25787838113086e-05
"S24","Klawock",5.40425735382433e-06
"S21","Klawock",9.00684311475959e-06
"S18","Klawock",7.81246452153912e-06
"S19","Klawock",1.59816976256843e-05
"S09","Klawock",8.96229967472783e-06
"S10","Kake",9.9831818581436e-06
"N07","Kake",6.4845194533813e-06
"N09","Kake",9.86779446696382e-06
"GBYA","Kake",3.70959202553156e-06
"N02","Kake",5.70125129710986e-06
"N01","Kake",3.60706848765132e-06
"N03","Kake",7.27939342402824e-06
"N04","Kake",8.48577581695826e-06
"N05","Kake",9.51254664099441e-06
"N06","Kake",1.19971594348917e-05
"N10","Kake",1.37435444778007e-05
"N11","Kake",3.09151090683184e-05
"N08","Kake",5.52268037289241e-06
"S05","Kake",3.88286419100374e-06
"S04","Kake",4.87728581089416e-06
"S06","Kake",4.0526719182681e-06
"S03","Kake",5.60604795944785e-06
"S02","Kake",6.47384642848478e-06
"S01","Kake",9.91514355127449e-06
"S07","Kake",1.74517665103596e-05
"S08","Kake",5.88559305684296e-05
"S12","Kake",1.27440496915754e-05
"S11","Kake",1.21984574076881e-05
"S15","Kake",3.9939126414496e-06
"S14","Kake",3.59581708196889e-06
"YAK","Kake",2.14850631264302e-06
"GBYC","Kake",5.02970878413623e-06
"GBYB","Kake",4.18327699396471e-06
"S13","Kake",3.7960813725413e-06
"S20","Kake",8.59684735616564e-06
"S17","Kake",5.05898554177476e-06
"N15","Kake",8.67271499834207e-06
"S22","Kake",9.90180500620076e-06
"N20","Kake",7.21695348175186e-06
"N14","Kake",7.93696239420384e-06
"N16","Kake",6.77142002592513e-06
"N23","Kake",1.66985697795067e-05
"N22","Kake",8.46738674075249e-06
"N13","Kake",1.1339687340314e-05
"N18","Kake",9.46839510259936e-06
"N27","Kake",3.84880650668492e-06
"N21","Kake",6.22544690915825e-06
"N26","Kake",5.04053048941212e-06
"N25","Kake",5.32639402745972e-06
"N24","Kake",6.09137352502691e-06
"N17","Kake",1.18920906937082e-05
"N12","Kake",1.81942043807605e-05
"N19","Kake",1.99390165472243e-05
"S23","Kake",1.8908435836988e-05
"S16","Kake",5.25842752983041e-06
"S24","Kake",3.04939999985131e-06
"S21","Kake",6.30873296522242e-06
"S18","Kake",4.8023977506469e-06
"S19","Kake",7.51349986676127e-06
"S09","Kake",1.74889318963685e-05
"S10","Juneau",3.98501376680039e-06
"N07","Juneau",1.31558697068997e-05
"N09","Juneau",9.39551177758021e-06
"GBYA","Juneau",6.70617929278203e-06
"N02","Juneau",8.74336507778747e-06
"N01","Juneau",5.41864159650364e-06
"N03","Juneau",7.53895804257395e-06
"N04","Juneau",6.0933970552737e-06
"N05","Juneau",6.12529781356321e-06
"N06","Juneau",5.12621619999083e-06
"N10","Juneau",8.66101356002161e-06
"N11","Juneau",7.14293917023326e-06
"N08","Juneau",1.53206824108863e-05
"S05","Juneau",2.46184046277641e-06
"S04","Juneau",2.81065168090454e-06
"S06","Juneau",2.518993063584e-06
"S03","Juneau",3.03827080724311e-06
"S02","Juneau",3.27653386495072e-06
"S01","Juneau",3.99884058220513e-06
"S07","Juneau",4.92269295950352e-06
"S08","Juneau",5.96294824200386e-06
"S12","Juneau",4.39627664770011e-06
"S11","Juneau",4.51165317900627e-06
"S15","Juneau",2.51947898850631e-06
"S14","Juneau",2.37376461993465e-06
"YAK","Juneau",2.78427547861665e-06
"GBYC","Juneau",1.10259362219022e-05
"GBYB","Juneau",8.75704758991161e-06
"S13","Juneau",2.43993171708011e-06
"S20","Juneau",3.79182595252348e-06
"S17","Juneau",2.96528762394755e-06
"N15","Juneau",1.29918626942243e-05
"S22","Juneau",4.33249308881718e-06
"N20","Juneau",7.95083391909293e-05
"N14","Juneau",1.61780498359459e-05
"N16","Juneau",1.83360105210628e-05
"N23","Juneau",9.99023090118409e-06
"N22","Juneau",2.17280854341397e-05
"N13","Juneau",1.59055621884608e-05
"N18","Juneau",2.1998285194398e-05
"N27","Juneau",8.8203811982505e-06
"N21","Juneau",2.5295173172412e-05
"N26","Juneau",1.68622589928504e-05
"N25","Juneau",2.377246546354e-05
"N24","Juneau",2.92104016782992e-05
"N17","Juneau",1.11854640612098e-05
"N12","Juneau",1.04151097755415e-05
"N19","Juneau",7.89876611944791e-06
"S23","Juneau",5.95057717034941e-06
"S16","Juneau",2.97809400666085e-06
"S24","Juneau",2.15402931041483e-06
"S21","Juneau",3.53517474412382e-06
"S18","Juneau",3.01758694431667e-06
"S19","Juneau",3.63217746617388e-06
"S09","Juneau",4.81063714774601e-06
"S10","Petersburg",1.11380223314028e-05
"N07","Petersburg",4.77370385465877e-06
"N09","Petersburg",6.15656076929898e-06
"GBYA","Petersburg",3.103674120962e-06
"N02","Petersburg",4.25862037609277e-06
"N01","Petersburg",2.9794320088388e-06
"N03","Petersburg",5.00229493086899e-06
"N04","Petersburg",5.55636737913247e-06
"N05","Petersburg",5.99339088690576e-06
"N06","Petersburg",7.43416451468556e-06
"N10","Petersburg",7.42861211028939e-06
"N11","Petersburg",1.04937326607493e-05
"N08","Petersburg",4.32073746738802e-06
"S05","Petersburg",4.48649556351905e-06
"S04","Petersburg",5.45076665111383e-06
"S06","Petersburg",4.5794431657997e-06
"S03","Petersburg",6.32278748662715e-06
"S02","Petersburg",7.16616020819002e-06
"S01","Petersburg",9.53845247041476e-06
"S07","Petersburg",1.16767090480279e-05
"S08","Petersburg",1.79639779643511e-05
"S12","Petersburg",1.7010493758367e-05
"S11","Petersburg",2.7141509267387e-05
"S15","Petersburg",4.73958004165359e-06
"S14","Petersburg",4.28452832101924e-06
"YAK","Petersburg",1.9106239355653e-06
"GBYC","Petersburg",3.96850152105193e-06
"GBYB","Petersburg",3.45136550559959e-06
"S13","Petersburg",4.47016577010237e-06
"S20","Petersburg",1.19495198025334e-05
"S17","Petersburg",6.70949457942784e-06
"N15","Petersburg",5.82326384761829e-06
"S22","Petersburg",2.3224265519662e-05
"N20","Petersburg",5.63407016940156e-06
"N14","Petersburg",5.57448942019292e-06
"N16","Petersburg",5.02032814032695e-06
"N23","Petersburg",8.58711634328163e-06
"N22","Petersburg",6.00522826187734e-06
"N13","Petersburg",7.82523800642262e-06
"N18","Petersburg",6.94358955209806e-06
"N27","Petersburg",3.31742782871527e-06
"N21","Petersburg",4.81306055608504e-06
"N26","Petersburg",4.11425236849153e-06
"N25","Petersburg",4.3643178343336e-06
"N24","Petersburg",4.77362178666379e-06
"N17","Petersburg",9.79384058322071e-06
"N12","Petersburg",1.01325337389264e-05
"N19","Petersburg",1.62149541438721e-05
"S23","Petersburg",4.92420374124218e-05
"S16","Petersburg",6.66906835692373e-06
"S24","Petersburg",3.61415366642967e-06
"S21","Petersburg",1.01003013260392e-05
"S18","Petersburg",6.708756814948e-06
"S19","Petersburg",1.12892910995587e-05
"S09","Petersburg",1.51888090125167e-05
"S10","Hoonah",3.99611991945624e-06
"N07","Hoonah",8.13284098423696e-05
"N09","Hoonah",1.4286528903242e-05
"GBYA","Hoonah",8.73405856044777e-06
"N02","Hoonah",2.00649923471949e-05
"N01","Hoonah",7.56410313143409e-06
"N03","Hoonah",1.27656371888984e-05
"N04","Hoonah",8.33140074663296e-06
"N05","Hoonah",8.06671929669425e-06
"N06","Hoonah",5.88684804234493e-06
"N10","Hoonah",1.07243404417165e-05
"N11","Hoonah",7.56331961443337e-06
"N08","Hoonah",3.50110305628878e-05
"S05","Hoonah",2.4357032744786e-06
"S04","Hoonah",2.83213389312178e-06
"S06","Hoonah",2.51758825933005e-06
"S03","Hoonah",3.05886962899942e-06
"S02","Hoonah",3.3156615095313e-06
"S01","Hoonah",4.11139873677772e-06
"S07","Hoonah",5.11384289569202e-06
"S08","Hoonah",5.83561542117136e-06
"S12","Hoonah",4.29184550442974e-06
"S11","Hoonah",4.24062727456893e-06
"S15","Hoonah",2.46996896332245e-06
"S14","Hoonah",2.30803811999891e-06
"YAK","Hoonah",3.15522249352355e-06
"GBYC","Hoonah",2.28241234749205e-05
"GBYB","Hoonah",1.18774824358771e-05
"S13","Hoonah",2.39286217947684e-06
"S20","Hoonah",3.68763091232402e-06
"S17","Hoonah",2.83664283981874e-06
"N15","Hoonah",2.37606033482216e-05
"S22","Hoonah",3.98492359012234e-06
"N20","Hoonah",1.63795314946042e-05
"N14","Hoonah",3.41867890098596e-05
"N16","Hoonah",8.72504885549382e-05
"N23","Hoonah",1.04882570434992e-05
"N22","Hoonah",2.25132411928815e-05
"N13","Hoonah",1.15249345881166e-05
"N18","Hoonah",1.29728243110473e-05
"N27","Hoonah",8.5115098341132e-06
"N21","Hoonah",3.50940148316136e-05
"N26","Hoonah",1.73047623767377e-05
"N25","Hoonah",1.63464252439331e-05
"N24","Hoonah",2.72467204096443e-05
"N17","Hoonah",7.86318939055516e-06
"N12","Hoonah",9.10055825148181e-06
"N19","Hoonah",6.58935039668236e-06
"S23","Hoonah",5.26416404497993e-06
"S16","Hoonah",2.89728436678018e-06
"S24","Hoonah",2.07238947181489e-06
"S21","Hoonah",3.25533511705994e-06
"S18","Hoonah",2.79988557860771e-06
"S19","Hoonah",3.47064077344582e-06
"S09","Hoonah",4.82000696633292e-06
"S10","Pelican",3.81292366719549e-06
"N07","Pelican",2.57797433441392e-05
"N09","Pelican",1.30956198509511e-05
"GBYA","Pelican",9.35579812973268e-06
"N02","Pelican",0.000554815451990611
"N01","Pelican",9.94146186607178e-06
"N03","Pelican",1.77860507429738e-05
"N04","Pelican",9.64253154490427e-06
"N05","Pelican",8.873415857566e-06
"N06","Pelican",5.98039121064051e-06
"N10","Pelican",9.49907262474302e-06
"N11","Pelican",6.75399843951012e-06
"N08","Pelican",1.63409942671793e-05
"S05","Pelican",2.36881318297724e-06
"S04","Pelican",2.77397848674827e-06
"S06","Pelican",2.46337444393261e-06
"S03","Pelican",2.98236752994655e-06
"S02","Pelican",3.22957507160044e-06
"S01","Pelican",3.98480289446597e-06
"S07","Pelican",4.86914943562744e-06
"S08","Pelican",5.23463039054729e-06
"S12","Pelican",3.99641381802711e-06
"S11","Pelican",3.86523973769509e-06
"S15","Pelican",2.38565896580542e-06
"S14","Pelican",2.22191301896899e-06
"YAK","Pelican",3.46303834408447e-06
"GBYC","Pelican",1.95707951544896e-05
"GBYB","Pelican",1.12361983624112e-05
"S13","Pelican",2.31431391822395e-06
"S20","Pelican",3.46942552912769e-06
"S17","Pelican",2.68145829268725e-06
"N15","Pelican",1.51233184540995e-05
"S22","Pelican",3.60864928990702e-06
"N20","Pelican",9.06499916508897e-06
"N14","Pelican",1.52049895727602e-05
"N16","Pelican",1.66085821957231e-05
"N23","Pelican",8.35547846741424e-06
"N22","Pelican",1.14541251352651e-05
"N13","Pelican",7.87290497532299e-06
"N18","Pelican",8.24126743518675e-06
"N27","Pelican",7.09693423334713e-06
"N21","Pelican",1.30577309178441e-05
"N26","Pelican",1.07119635652091e-05
"N25","Pelican",9.62134290466173e-06
"N24","Pelican",1.18687337112272e-05
"N17","Pelican",5.93575502611753e-06
"N12","Pelican",7.03131560074264e-06
"N19","Pelican",5.38685410481471e-06
"S23","Pelican",4.55063552323452e-06
"S16","Pelican",2.76575529933665e-06
"S24","Pelican",1.98728550319779e-06
"S21","Pelican",2.98949261682708e-06
"S18","Pelican",2.60086956641857e-06
"S19","Pelican",3.24308344262798e-06
"S09","Pelican",4.50784817486754e-06
"S10","Gustavus",3.46751124981826e-06
"N07","Gustavus",2.31184472642081e-05
"N09","Gustavus",9.39094889455759e-06
"GBYA","Gustavus",1.28505363312625e-05
"N02","Gustavus",1.68429741938256e-05
"N01","Gustavus",9.43906281225631e-06
"N03","Gustavus",9.44323496334492e-06
"N04","Gustavus",6.59963713930596e-06
"N05","Gustavus",6.3552147248806e-06
"N06","Gustavus",4.85040160995565e-06
"N10","Gustavus",7.62907962167964e-06
"N11","Gustavus",5.8697378320434e-06
"N08","Gustavus",7.13970080284267e-05
"S05","Gustavus",2.22871192351287e-06
"S04","Gustavus",2.55644750774861e-06
"S06","Gustavus",2.29705748835508e-06
"S03","Gustavus",2.73953950600845e-06
"S02","Gustavus",2.94394383338736e-06
"S01","Gustavus",3.55562023613705e-06
"S07","Gustavus",4.28044092975408e-06
"S08","Gustavus",4.77931628395322e-06
"S12","Gustavus",3.69076602167716e-06
"S11","Gustavus",3.66308477398097e-06
"S15","Gustavus",2.25798041485238e-06
"S14","Gustavus",2.12296124450523e-06
"YAK","Gustavus",3.51420935052912e-06
"GBYC","Gustavus",7.97765301170865e-05
"GBYB","Gustavus",2.16752864562011e-05
"S13","Gustavus",2.19335717113117e-06
"S20","Gustavus",3.23539978743726e-06
"S17","Gustavus",2.56487542417456e-06
"N15","Gustavus",1.24828108907775e-05
"S22","Gustavus",3.48043646592709e-06
"N20","Gustavus",1.23189682732447e-05
"N14","Gustavus",1.49170537208351e-05
"N16","Gustavus",2.20022392172183e-05
"N23","Gustavus",7.50871079190018e-06
"N22","Gustavus",1.28043471035038e-05
"N13","Gustavus",8.37481371905547e-06
"N18","Gustavus",9.37429576507876e-06
"N27","Gustavus",1.176998207132e-05
"N21","Gustavus",2.43023044199592e-05
"N26","Gustavus",2.71087706605554e-05
"N25","Gustavus",1.92697215784153e-05
"N24","Gustavus",2.24802318769548e-05
"N17","Gustavus",6.34848030097022e-06
"N12","Gustavus",6.8617089420743e-06
"N19","Gustavus",5.36920134426007e-06
"S23","Gustavus",4.43229521786371e-06
"S16","Gustavus",2.61074931661846e-06
"S24","Gustavus",1.92424316544033e-06
"S21","Gustavus",2.91536723738119e-06
"S18","Gustavus",2.54566963726475e-06
"S19","Gustavus",3.07100059386438e-06
"S09","Gustavus",4.07171537529798e-06
"S10","Wrangell",1.14026224967171e-05
"N07","Wrangell",3.84196189095792e-06
"N09","Wrangell",4.72899948550271e-06
"GBYA","Wrangell",2.67993561815231e-06
"N02","Wrangell",3.51148756461838e-06
"N01","Wrangell",2.59058227774006e-06
"N03","Wrangell",4.04104690324401e-06
"N04","Wrangell",4.48504940662788e-06
"N05","Wrangell",4.77686893474829e-06
"N06","Wrangell",5.93700372636215e-06
"N10","Wrangell",5.46292419460962e-06
"N11","Wrangell",7.05178815370989e-06
"N08","Wrangell",3.54180089938373e-06
"S05","Wrangell",5.46660022028114e-06
"S04","Wrangell",6.42603474049953e-06
"S06","Wrangell",5.45824449851893e-06
"S03","Wrangell",7.48433783584958e-06
"S02","Wrangell",8.20214118943433e-06
"S01","Wrangell",9.07801848952117e-06
"S07","Wrangell",8.85126637018512e-06
"S08","Wrangell",1.0112536722359e-05
"S12","Wrangell",1.56590724693432e-05
"S11","Wrangell",2.85678349337178e-05
"S15","Wrangell",5.95105150249376e-06
"S14","Wrangell",5.35642195206281e-06
"YAK","Wrangell",1.74231023545732e-06
"GBYC","Wrangell",3.30106741008998e-06
"GBYB","Wrangell",2.93587722917277e-06
"S13","Wrangell",5.54863077020542e-06
"S20","Wrangell",1.62902043873903e-05
"S17","Wrangell",9.83988754686454e-06
"N15","Wrangell",4.49825346639538e-06
"S22","Wrangell",0.000102413247598516
"N20","Wrangell",4.40093113419569e-06
"N14","Wrangell",4.34234474947137e-06
"N16","Wrangell",3.99775310929625e-06
"N23","Wrangell",5.99678089340307e-06
"N22","Wrangell",4.5995004514805e-06
"N13","Wrangell",5.61157307555885e-06
"N18","Wrangell",5.15299040342854e-06
"N27","Wrangell",2.84964430988676e-06
"N21","Wrangell",3.86891868246229e-06
"N26","Wrangell",3.40905687950189e-06
"N25","Wrangell",3.5853761722163e-06
"N24","Wrangell",3.84644523102783e-06
"N17","Wrangell",6.68845386166875e-06
"N12","Wrangell",6.68318021983962e-06
"N19","Wrangell",8.99361717678314e-06
"S23","Wrangell",1.42620249711616e-05
"S16","Wrangell",9.1891389519975e-06
"S24","Wrangell",4.41106523761362e-06
"S21","Wrangell",2.0656848681896e-05
"S18","Wrangell",1.01589133971092e-05
"S19","Wrangell",1.9816825069468e-05
"S09","Wrangell",1.12525192672709e-05
"S10","Ketchikan",6.66675828887392e-06
"N07","Ketchikan",2.59373499427291e-06
"N09","Ketchikan",3.03235903573343e-06
"GBYA","Ketchikan",1.99687245304028e-06
"N02","Ketchikan",2.47144396563663e-06
"N01","Ketchikan",1.97377058653613e-06
"N03","Ketchikan",2.77977998859181e-06
"N04","Ketchikan",3.08007052668164e-06
"N05","Ketchikan",3.21554377189453e-06
"N06","Ketchikan",3.87962155879218e-06
"N10","Ketchikan",3.32359009342735e-06
"N11","Ketchikan",3.87403195802302e-06
"N08","Ketchikan",2.43095808555427e-06
"S05","Ketchikan",1.35324676260323e-05
"S04","Ketchikan",9.46593666703556e-06
"S06","Ketchikan",1.07213839652497e-05
"S03","Ketchikan",9.18402881572474e-06
"S02","Ketchikan",7.98702731060588e-06
"S01","Ketchikan",5.90446622829819e-06
"S07","Ketchikan",4.87155773253649e-06
"S08","Ketchikan",4.63375103520746e-06
"S12","Ketchikan",6.40923712871779e-06
"S11","Ketchikan",6.62803081786915e-06
"S15","Ketchikan",1.98300073852512e-05
"S14","Ketchikan",1.88005012359664e-05
"YAK","Ketchikan",1.43983376176844e-06
"GBYC","Ketchikan",2.32539872478704e-06
"GBYB","Ketchikan",2.12922773343695e-06
"S13","Ketchikan",1.74049685274687e-05
"S20","Ketchikan",8.43848146219542e-06
"S17","Ketchikan",2.95061021321378e-05
"N15","Ketchikan",2.88511961189071e-06
"S22","Ketchikan",7.11949983036626e-06
"N20","Ketchikan",2.77624542839168e-06
"N14","Ketchikan",2.80067673549744e-06
"N16","Ketchikan",2.64359643442746e-06
"N23","Ketchikan",3.43454556514294e-06
"N22","Ketchikan",2.88216357806379e-06
"N13","Ketchikan",3.22501675618476e-06
"N18","Ketchikan",3.06174047908391e-06
"N27","Ketchikan",2.06538644938451e-06
"N21","Ketchikan",2.570425856511e-06
"N26","Ketchikan",2.35167184299996e-06
"N25","Ketchikan",2.42847220301318e-06
"N24","Ketchikan",2.55530970483033e-06
"N17","Ketchikan",3.52227646794422e-06
"N12","Ketchikan",3.57974061399826e-06
"N19","Ketchikan",4.09141229228719e-06
"S23","Ketchikan",4.92696712256841e-06
"S16","Ketchikan",1.95758728720396e-05
"S24","Ketchikan",1.02972245934587e-05
"S21","Ketchikan",1.02896750544835e-05
"S18","Ketchikan",1.41589952442659e-05
"S19","Ketchikan",1.01790648649121e-05
"S09","Ketchikan",5.39571346731057e-06
"S10","Craig",1.33101211954257e-05
"N07","Craig",3.10464945000681e-06
"N09","Craig",3.82825537017358e-06
"GBYA","Craig",2.28503362386964e-06
"N02","Craig",2.99011918894521e-06
"N01","Craig",2.29998764812549e-06
"N03","Craig",3.51217334989453e-06
"N04","Craig",4.09299763949063e-06
"N05","Craig",4.32331799503945e-06
"N06","Craig",5.70898525885214e-06
"N10","Craig",4.28044081721085e-06
"N11","Craig",5.17740448180778e-06
"N08","Craig",2.83551931382887e-06
"S05","Craig",1.16199219581705e-05
"S04","Craig",2.84557326439973e-05
"S06","Craig",1.37804778004947e-05
"S03","Craig",6.24914744563837e-05
"S02","Craig",3.25352188455751e-05
"S01","Craig",1.1657408398366e-05
"S07","Craig",7.63708747577656e-06
"S08","Craig",6.3613886126697e-06
"S12","Craig",1.02705137265295e-05
"S11","Craig",8.91928001248559e-06
"S15","Craig",1.16339636156353e-05
"S14","Craig",8.24482891773405e-06
"YAK","Craig",1.61224059396305e-06
"GBYC","Craig",2.71949282038381e-06
"GBYB","Craig",2.44223693660182e-06
"S13","Craig",1.01815489485955e-05
"S20","Craig",1.53479146637789e-05
"S17","Craig",1.28273396061911e-05
"N15","Craig",3.52647356658856e-06
"S22","Craig",8.36093818698516e-06
"N20","Craig",3.20060626316372e-06
"N14","Craig",3.36911152205846e-06
"N16","Craig",3.13251058731502e-06
"N23","Craig",4.3181105518683e-06
"N22","Craig",3.42864615197632e-06
"N13","Craig",3.82250665101066e-06
"N18","Craig",3.58358896649837e-06
"N27","Craig",2.3047191418965e-06
"N21","Craig",2.99366846506072e-06
"N26","Craig",2.68699993017277e-06
"N25","Craig",2.7629929040976e-06
"N24","Craig",2.9585231594434e-06
"N17","Craig",4.05499437825633e-06
"N12","Craig",4.37664070274804e-06
"N19","Craig",4.88401477137503e-06
"S23","Craig",5.97289759850351e-06
"S16","Craig",2.14856082901531e-05
"S24","Craig",5.45303995201892e-06
"S21","Craig",8.4357328993871e-06
"S18","Craig",7.50157883778978e-06
"S19","Craig",1.40726497980239e-05
"S09","Craig",8.45488754174941e-06
"S10","Hydaburg",9.05465119768836e-06
"N07","Hydaburg",2.79693052707259e-06
"N09","Hydaburg",3.36938259053952e-06
"GBYA","Hydaburg",2.11358005128661e-06
"N02","Hydaburg",2.70244478335009e-06
"N01","Hydaburg",2.12617078285547e-06
"N03","Hydaburg",3.12286297837744e-06
"N04","Hydaburg",3.57865123077158e-06
"N05","Hydaburg",3.75199578180018e-06
"N06","Hydaburg",4.75740870358151e-06
"N10","Hydaburg",3.71567292221205e-06
"N11","Hydaburg",4.37747305004938e-06
"N08","Hydaburg",2.57835981623936e-06
"S05","Hydaburg",1.98137728499614e-05
"S04","Hydaburg",3.49751899550902e-05
"S06","Hydaburg",2.5094714030679e-05
"S03","Hydaburg",2.5019198698132e-05
"S02","Hydaburg",1.55925721281596e-05
"S01","Hydaburg",8.24934619769138e-06
"S07","Hydaburg",6.00515146202284e-06
"S08","Hydaburg",5.21827940631596e-06
"S12","Hydaburg",7.64517081178054e-06
"S11","Hydaburg",7.05567983140318e-06
"S15","Hydaburg",1.88733595198453e-05
"S14","Hydaburg",1.11280216595164e-05
"YAK","Hydaburg",1.52529584688918e-06
"GBYC","Hydaburg",2.48054893611703e-06
"GBYB","Hydaburg",2.24821487852067e-06
"S13","Hydaburg",1.55436297285352e-05
"S20","Hydaburg",1.04526669885045e-05
"S17","Hydaburg",1.37801592792185e-05
"N15","Hydaburg",3.13540839986086e-06
"S22","Hydaburg",6.9046674496912e-06
"N20","Hydaburg",2.8871667955767e-06
"N14","Hydaburg",3.01189612118325e-06
"N16","Hydaburg",2.82180719020995e-06
"N23","Hydaburg",3.75144791526468e-06
"N22","Hydaburg",3.06362522546421e-06
"N13","Hydaburg",3.38513734256562e-06
"N18","Hydaburg",3.19685361444949e-06
"N27","Hydaburg",2.13490481751789e-06
"N21","Hydaburg",2.71104841633284e-06
"N26","Hydaburg",2.45781073077151e-06
"N25","Hydaburg",2.52363499869673e-06
"N24","Hydaburg",2.68334990267641e-06
"N17","Hydaburg",3.5907987909915e-06
"N12","Hydaburg",3.81047644855524e-06
"N19","Hydaburg",4.22555624296949e-06
"S23","Hydaburg",5.05238040814924e-06
"S16","Hydaburg",2.35331671131287e-05
"S24","Hydaburg",6.50124879321865e-06
"S21","Hydaburg",7.67140889837533e-06
"S18","Hydaburg",7.60154521965932e-06
"S19","Hydaburg",1.06697992162362e-05
"S09","Hydaburg",6.52244559045335e-06
"S10","Kasaan",1.01614487103977e-05
"N07","Kasaan",2.9427839259389e-06
"N09","Kasaan",3.54628087167559e-06
"GBYA","Kasaan",2.19499304797819e-06
"N02","Kasaan",2.80402345207974e-06
"N01","Kasaan",2.18164873369856e-06
"N03","Kasaan",3.22499939773975e-06
"N04","Kasaan",3.65689719739285e-06
"N05","Kasaan",3.84776324553869e-06
"N06","Kasaan",4.8585826345959e-06
"N10","Kasaan",3.94745011334176e-06
"N11","Kasaan",4.74069617781902e-06
"N08","Kasaan",2.72086924670365e-06
"S05","Kasaan",1.27825692958137e-05
"S04","Kasaan",1.45738396124902e-05
"S06","Kasaan",1.23498178328505e-05
"S03","Kasaan",1.61615249093664e-05
"S02","Kasaan",1.35562285955608e-05
"S01","Kasaan",8.56229238751345e-06
"S07","Kasaan",6.46189239883571e-06
"S08","Kasaan",5.87756546363413e-06
"S12","Kasaan",9.2050117826207e-06
"S11","Kasaan",9.05618571898359e-06
"S15","Kasaan",1.53371023412878e-05
"S14","Kasaan",1.08717140027366e-05
"YAK","Kasaan",1.54868363136898e-06
"GBYC","Kasaan",2.59800294735998e-06
"GBYB","Kasaan",2.35028869752532e-06
"S13","Kasaan",1.28115168398102e-05
"S20","Kasaan",1.42083378089804e-05
"S17","Kasaan",3.18322568816267e-05
"N15","Kasaan",3.32432934496365e-06
"S22","Kasaan",9.30801479776705e-06
"N20","Kasaan",3.12060543872711e-06
"N14","Kasaan",3.20156407815668e-06
"N16","Kasaan",2.99276331242957e-06
"N23","Kasaan",4.06198490228714e-06
"N22","Kasaan",3.28874330053163e-06
"N13","Kasaan",3.70928236285325e-06
"N18","Kasaan",3.48839851823536e-06
"N27","Kasaan",2.25206416170721e-06
"N21","Kasaan",2.88571893668424e-06
"N26","Kasaan",2.60627495920413e-06
"N25","Kasaan",2.69185415298566e-06
"N24","Kasaan",2.86111805270972e-06
"N17","Kasaan",4.03436469691666e-06
"N12","Kasaan",4.20956792466597e-06
"N19","Kasaan",4.83790642720566e-06
"S23","Kasaan",6.02216047142011e-06
"S16","Kasaan",0.00024242173353128
"S24","Kasaan",6.77316760556855e-06
"S21","Kasaan",1.17391363527307e-05
"S18","Kasaan",1.1271245174228e-05
"S19","Kasaan",1.74478176373858e-05
"S09","Kasaan",7.33260095956097e-06
"S10","Naukati Bay",2.85230478494588e-05
"N07","Naukati Bay",3.56130191679914e-06
"N09","Naukati Bay",4.52146002886782e-06
"GBYA","Naukati Bay",2.52141490881523e-06
"N02","Naukati Bay",3.3861792558282e-06
"N01","Naukati Bay",2.5214047627194e-06
"N03","Naukati Bay",4.04080551105687e-06
"N04","Naukati Bay",4.76306115726357e-06
"N05","Naukati Bay",5.09056014616114e-06
"N06","Naukati Bay",7.0334435156824e-06
"N10","Naukati Bay",5.18261175567557e-06
"N11","Naukati Bay",6.60326945911436e-06
"N08","Naukati Bay",3.22189745531519e-06
"S05","Naukati Bay",7.86185898737848e-06
"S04","Naukati Bay",1.28207124150099e-05
"S06","Naukati Bay",8.57952466730499e-06
"S03","Naukati Bay",1.90789254036465e-05
"S02","Naukati Bay",2.71485616486913e-05
"S01","Naukati Bay",1.8628203848944e-05
"S07","Naukati Bay",1.08681829130315e-05
"S08","Naukati Bay",8.79532110334662e-06
"S12","Naukati Bay",1.88275762516334e-05
"S11","Naukati Bay",1.43609689345042e-05
"S15","Naukati Bay",8.17912314500507e-06
"S14","Naukati Bay",6.49907184628835e-06
"YAK","Naukati Bay",1.71416253175551e-06
"GBYC","Naukati Bay",3.06478398739609e-06
"GBYB","Naukati Bay",2.71999358877679e-06
"S13","Naukati Bay",7.39538504741882e-06
"S20","Naukati Bay",4.16355067464598e-05
"S17","Naukati Bay",1.14635121305081e-05
"N15","Naukati Bay",4.13244295053566e-06
"S22","Naukati Bay",1.22478904647653e-05
"N20","Naukati Bay",3.72429456616333e-06
"N14","Naukati Bay",3.9271821829153e-06
"N16","Naukati Bay",3.6114945897135e-06
"N23","Naukati Bay",5.29357480954512e-06
"N22","Naukati Bay",4.0234598992629e-06
"N13","Naukati Bay",4.59561410991765e-06
"N18","Naukati Bay",4.25493559571629e-06
"N27","Naukati Bay",2.56111377402953e-06
"N21","Naukati Bay",3.43615005374323e-06
"N26","Naukati Bay",3.03984702556018e-06
"N25","Naukati Bay",3.14165785738296e-06
"N24","Naukati Bay",3.39264528887497e-06
"N17","Naukati Bay",4.9417463966566e-06
"N12","Naukati Bay",5.41840532581527e-06
"N19","Naukati Bay",6.23004462151254e-06
"S23","Naukati Bay",8.07946084279626e-06
"S16","Naukati Bay",1.50643120432077e-05
"S24","Naukati Bay",4.73320332236695e-06
"S21","Naukati Bay",1.0156676603398e-05
"S18","Naukati Bay",7.74655026856001e-06
"S19","Naukati Bay",2.31242480846769e-05
"S09","Naukati Bay",1.31524059379478e-05
"S10","Coffman Cove",2.00618014642149e-05
"N07","Coffman Cove",3.55909842670969e-06
"N09","Coffman Cove",4.46126365105947e-06
"GBYA","Coffman Cove",2.52126046393108e-06
"N02","Coffman Cove",3.34476772003514e-06
"N01","Coffman Cove",2.49405687352453e-06
"N03","Coffman Cove",3.93604915180639e-06
"N04","Coffman Cove",4.54076936044051e-06
"N05","Coffman Cove",4.84404340653009e-06
"N06","Coffman Cove",6.44044836698501e-06
"N10","Coffman Cove",5.1200744585005e-06
"N11","Coffman Cove",6.55102455630198e-06
"N08","Coffman Cove",3.24390892932689e-06
"S05","Coffman Cove",7.45970979970204e-06
"S04","Coffman Cove",1.02717884997668e-05
"S06","Coffman Cove",7.74122751380243e-06
"S03","Coffman Cove",1.33965907458682e-05
"S02","Coffman Cove",1.5534063843169e-05
"S01","Coffman Cove",1.36524494161698e-05
"S07","Coffman Cove",9.93741516468176e-06
"S08","Coffman Cove",9.00217350708118e-06
"S12","Coffman Cove",1.98866769152923e-05
"S11","Coffman Cove",1.8976504451214e-05
"S15","Coffman Cove",8.06061903626895e-06
"S14","Coffman Cove",6.62816051265097e-06
"YAK","Coffman Cove",1.69847769308364e-06
"GBYC","Coffman Cove",3.06835716406515e-06
"GBYB","Coffman Cove",2.73009308212621e-06
"S13","Coffman Cove",7.29692291830078e-06
"S20","Coffman Cove",7.43746326294676e-05
"S17","Coffman Cove",1.36438233486125e-05
"N15","Coffman Cove",4.13285189722173e-06
"S22","Coffman Cove",1.74290477245051e-05
"N20","Coffman Cove",3.82545544265481e-06
"N14","Coffman Cove",3.94931984548073e-06
"N16","Coffman Cove",3.63756973300244e-06
"N23","Coffman Cove",5.34604904331634e-06
"N22","Coffman Cove",4.08622421060902e-06
"N13","Coffman Cove",4.75107408219711e-06
"N18","Coffman Cove",4.39312628247023e-06
"N27","Coffman Cove",2.59850670852999e-06
"N21","Coffman Cove",3.4820295068237e-06
"N26","Coffman Cove",3.08290717792928e-06
"N25","Coffman Cove",3.20198500372257e-06
"N24","Coffman Cove",3.44608180176983e-06
"N17","Coffman Cove",5.25473129808729e-06
"N12","Coffman Cove",5.60911876597513e-06
"N19","Coffman Cove",6.72469464487116e-06
"S23","Coffman Cove",9.17398447304828e-06
"S16","Coffman Cove",1.5833078688951e-05
"S24","Coffman Cove",4.92868553995202e-06
"S21","Coffman Cove",1.42139265386132e-05
"S18","Coffman Cove",9.50918309071583e-06
"S19","Coffman Cove",6.58134037348975e-05
"S09","Coffman Cove",1.25508855779268e-05
"S10","Yakutat",1.89576834728752e-06
"N07","Yakutat",3.43395921977319e-06
"N09","Yakutat",2.91423828391378e-06
"GBYA","Yakutat",5.38690811944713e-06
"N02","Yakutat",3.72718798651114e-06
"N01","Yakutat",6.0150525443493e-06
"N03","Yakutat",3.17232114041067e-06
"N04","Yakutat",2.80213543108715e-06
"N05","Yakutat",2.70816393093893e-06
"N06","Yakutat",2.34788273471444e-06
"N10","Yakutat",2.68763263878965e-06
"N11","Yakutat",2.41042487284011e-06
"N08","Yakutat",3.64214852449379e-06
"S05","Yakutat",1.4583113278743e-06
"S04","Yakutat",1.60889220190605e-06
"S06","Yakutat",1.49804455940153e-06
"S03","Yakutat",1.67362254269611e-06
"S02","Yakutat",1.74833590495992e-06
"S01","Yakutat",1.94507753914502e-06
"S07","Yakutat",2.12563607415662e-06
"S08","Yakutat",2.18455457059672e-06
"S12","Yakutat",1.93457513102526e-06
"S11","Yakutat",1.90419634477748e-06
"S15","Yakutat",1.46130838477085e-06
"S14","Yakutat",1.39642047524456e-06
"YAK","Yakutat",4.01666292154892e-05
"GBYC","Yakutat",3.98427337743694e-06
"GBYB","Yakutat",4.53380363203872e-06
"S13","Yakutat",1.43447673698825e-06
"S20","Yakutat",1.80247358475741e-06
"S17","Yakutat",1.5631540772239e-06
"N15","Yakutat",3.04001685122668e-06
"S22","Yakutat",1.843103138202e-06
"N20","Yakutat",2.94002849620427e-06
"N14","Yakutat",3.10854999321943e-06
"N16","Yakutat",3.2930176287868e-06
"N23","Yakutat",2.59994114086291e-06
"N22","Yakutat",2.96365597670914e-06
"N13","Yakutat",2.63486270354724e-06
"N18","Yakutat",2.72252958835777e-06
"N27","Yakutat",4.07865640556908e-06
"N21","Yakutat",3.31896849986552e-06
"N26","Yakutat",3.61753873924486e-06
"N25","Yakutat",3.38244767474145e-06
"N24","Yakutat",3.30133092405345e-06
"N17","Yakutat",2.39150014155251e-06
"N12","Yakutat",2.48093687857616e-06
"N19","Yakutat",2.24570592961955e-06
"S23","Yakutat",2.0706696173612e-06
"S16","Yakutat",1.59298365208037e-06
"S24","Yakutat",1.2987401625443e-06
"S21","Yakutat",1.66791106794245e-06
"S18","Yakutat",1.53936685649041e-06
"S19","Yakutat",1.73866807254521e-06
"S09","Yakutat",2.04853163655523e-06
