Subreg_Year,Subregion,Year,Lower95,Median,Upper95,Mean,SD,Mode,MCerr,MC%ofSD,SSeff,AC.100,psrf
"N[1,1]",N01,1975,19.1078,29.9837,42.1639,30.41060026,5.931023264,NA,0.060720061,1,9541,-0.0042291,1.00139472
"N[1,2]",N01,1976,21.9813,36.6541,53.7693,37.31734014,8.33731714,NA,0.08411589,1,9824,-0.002542674,1.000957925
"N[1,3]",N01,1977,25.1972,44.21215,68.4558,45.35633904,11.24356208,NA,0.106253056,0.9,11198,-0.008542157,1.000971781
"N[1,4]",N01,1978,27.8108,53.0258,83.8067,54.52421057,14.73366351,NA,0.145930117,1,10194,0.004813002,1.000800579
"N[1,5]",N01,1979,31.8232,62.4152,102.594,64.65224235,18.74358885,NA,0.180976808,1,10727,0.003674676,1.000555677
"N[1,6]",N01,1980,35.9524,72.2948,121.755,75.38461963,22.74714973,NA,0.229239249,1,9846,-0.004043064,1.000847729
"N[1,7]",N01,1981,40.4789,82.93,140.725,86.71578751,27.01824312,NA,0.262939665,1,10558,0.001302746,1.001284779
"N[1,8]",N01,1982,45.9817,93.74215,161.556,98.21422416,31.65868761,NA,0.320461512,1,9760,0.001476941,1.001388323
"N[1,9]",N01,1983,47.6957,104.8865,183.754,110.158179,36.87184014,NA,0.402010672,1.1,8412,0.013236373,1.00176144
"N[1,10]",N01,1984,52.2532,115.1745,205.563,121.5297535,42.09541646,NA,0.495098205,1.2,7229,0.020194085,1.002886367
"N[1,11]",N01,1985,53.4365,124.584,223.465,132.2180475,46.59916098,NA,0.579042614,1.2,6476,0.023648692,1.003228545
"N[1,12]",N01,1986,61.3026,134.481,248.167,142.5229769,50.95063337,NA,0.670147671,1.3,5780,0.018437851,1.003563673
"N[1,13]",N01,1987,64.7656,142.9355,262.031,151.8734484,54.56444291,NA,0.762487698,1.4,5121,0.022138123,1.005236232
"N[1,14]",N01,1988,57.2844,146.437,271.034,156.4045162,59.33567093,NA,0.850652251,1.4,4866,0.022798787,1.00498329
"N[1,15]",N01,1989,52.0646,149.289,283.949,160.9270853,64.57254337,NA,0.921712427,1.4,4908,0.032280764,1.005391818
"N[1,16]",N01,1990,56.4263,151.618,300.472,164.3714324,68.66556244,NA,0.991114028,1.4,4800,0.033446771,1.004767761
"N[1,17]",N01,1991,54.9706,152.6455,313.56,166.6896251,72.05905185,NA,1.084122585,1.5,4418,0.024802464,1.004772711
"N[1,18]",N01,1992,53.068,154.431,318.5,169.1053346,75.48488922,NA,1.176007001,1.6,4120,0.024542798,1.004824885
"N[1,19]",N01,1993,52.2447,154.8575,324.124,170.1408349,77.0352247,NA,1.1686358,1.5,4345,0.021434292,1.004344152
"N[1,20]",N01,1994,52.1442,154.983,326.548,170.8579283,78.02370052,NA,1.18886625,1.5,4307,0.029312369,1.004241574
"N[1,21]",N01,1995,51.6144,154.5515,331.794,171.0052955,79.3575997,NA,1.164784715,1.5,4642,0.028258433,1.004416361
"N[1,22]",N01,1996,47.5577,154.295,328.167,171.278368,80.53815267,NA,1.212341452,1.5,4413,0.028074886,1.004374595
"N[1,23]",N01,1997,53.4563,153.045,334.274,170.5300394,80.40396826,NA,1.236049186,1.5,4231,0.028611069,1.004632468
"N[1,24]",N01,1998,50.2247,152.5,326.254,169.6044751,79.8665472,NA,1.246217686,1.6,4107,0.036316262,1.004307823
"N[1,25]",N01,1999,53.4433,150.7545,324.752,167.8636946,79.20342656,NA,1.183935049,1.5,4475,0.036256717,1.004488516
"N[1,26]",N01,2000,57.252,148.9465,320.482,165.590043,76.81446339,NA,1.192775355,1.6,4147,0.037241926,1.004206297
"N[1,27]",N01,2001,54.0021,146.1695,302.389,161.9718009,74.263139,NA,1.154382461,1.6,4139,0.040127723,1.00455525
"N[1,28]",N01,2002,54.2991,143.5235,292.511,157.4691463,70.2207758,NA,1.106844612,1.6,4025,0.046065193,1.004697714
"N[1,29]",N01,2003,53.1242,147.5305,304.381,162.1981593,73.98044229,NA,1.178394914,1.6,3941,0.044713959,1.004018271
"N[1,30]",N01,2004,53.5851,150.1835,314.162,165.9162388,76.58521407,NA,1.200526594,1.6,4070,0.040713098,1.004344266
"N[1,31]",N01,2005,53.2425,151.7725,320.079,168.529622,79.40525704,NA,1.219985875,1.5,4236,0.042181094,1.00403404
"N[1,32]",N01,2006,52.3383,153.4385,327.212,170.5371239,81.12313096,NA,1.248536004,1.5,4222,0.043433966,1.004490369
"N[1,33]",N01,2007,54.8654,154.4075,329.828,172.1587343,82.11953085,NA,1.304584108,1.6,3962,0.040704983,1.004475265
"N[1,34]",N01,2008,54.2922,154.461,332.882,172.4675954,81.86606927,NA,1.32888178,1.6,3795,0.043526256,1.004150373
"N[1,35]",N01,2009,54.663,155.3345,335.592,172.8139762,81.43936576,NA,1.276919411,1.6,4068,0.040345533,1.004329569
"N[1,36]",N01,2010,53.7601,154.318,326.033,171.9460336,79.05036847,NA,1.244653478,1.6,4034,0.036179975,1.003881312
"N[1,37]",N01,2011,53.7619,156.0925,322.546,171.6645518,77.28152232,NA,1.2853124,1.7,3615,0.049595031,1.004633737
"N[1,38]",N01,2012,58.1948,156.225,337.217,173.5430423,80.65885541,NA,1.315036099,1.6,3762,0.038546401,1.004615811
"N[2,1]",N02,1975,49.6587,76.2769,110.234,77.43038718,15.56732655,NA,0.762396623,4.9,417,0.444017665,1.020357406
"N[2,2]",N02,1976,55.5498,93.783,140.347,96.27091802,22.62472019,NA,1.08528309,4.8,435,0.448975159,1.015120452
"N[2,3]",N02,1977,64.4179,115.5215,182.204,119.1806667,31.52434928,NA,1.629822974,5.2,374,0.46343951,1.012422026
"N[2,4]",N02,1978,71.0133,141.671,230.472,147.2745133,42.68567454,NA,2.30981602,5.4,342,0.48842574,1.010391597
"N[2,5]",N02,1979,79.358,171.8725,292.54,180.8369809,57.46077845,NA,3.094336947,5.4,345,0.516215839,1.009940044
"N[2,6]",N02,1980,98.9286,209.816,372.731,220.8943623,73.51539947,NA,4.016699779,5.5,335,0.514356746,1.014305012
"N[2,7]",N02,1981,111.75,252.1385,452.303,266.3510632,92.42398998,NA,5.2314464,5.7,312,0.534770823,1.013014275
"N[2,8]",N02,1982,112.348,288.7675,531.888,307.3740447,114.2803996,NA,6.226021141,5.4,337,0.542308641,1.00954078
"N[2,9]",N02,1983,128.014,343.206,619.051,361.7224448,132.5890137,NA,7.493651018,5.7,313,0.554414157,1.00887463
"N[2,10]",N02,1984,163.137,401.8045,728.331,421.4235327,151.6770575,NA,8.595929734,5.7,311,0.542405869,1.012456648
"N[2,11]",N02,1985,185.551,461.7905,816.215,482.2560024,170.5056203,NA,8.690298796,5.1,385,0.526627707,1.028340088
"N[2,12]",N02,1986,205.235,519.7195,918.428,545.0760445,189.5950833,NA,9.162346317,4.8,428,0.500877015,1.019636006
"N[2,13]",N02,1987,240.218,577.044,997.198,604.5954281,198.3423922,NA,9.893676839,5,402,0.469034681,1.029665731
"N[2,14]",N02,1988,313.181,641.0865,1149.08,671.7811279,217.0520548,NA,11.19556203,5.2,376,0.470697266,1.026434868
"N[2,15]",N02,1989,337.308,720.901,1277.52,761.2640409,247.9357397,NA,13.50141892,5.4,337,0.490972603,1.032044722
"N[2,16]",N02,1990,314.713,735.1385,1323.27,779.4105991,267.9674633,NA,14.2233414,5.3,355,0.510793376,1.040348235
"N[2,17]",N02,1991,348.782,825.9225,1445.08,873.267193,295.0913174,NA,15.1386041,5.1,380,0.501066275,1.038466064
"N[2,18]",N02,1992,365.279,836.565,1486.17,885.5861084,305.2121079,NA,16.00481809,5.2,364,0.52048498,1.04415612
"N[2,19]",N02,1993,317.688,811.271,1475,868.3663623,315.914964,NA,16.56812884,5.2,364,0.505519888,1.04109397
"N[2,20]",N02,1994,293.057,791.3535,1467.5,853.5659137,323.433777,NA,17.01027352,5.3,362,0.492722731,1.037840805
"N[2,21]",N02,1995,363.909,825.5785,1576.64,895.6090636,332.2244472,NA,17.76137325,5.3,350,0.469337763,1.035200214
"N[2,22]",N02,1996,157.278,544.543,1278.14,623.3241223,329.5212188,NA,15.88927922,4.8,430,0.414416623,1.024606813
"N[2,23]",N02,1997,188.549,610.9105,1390.7,690.0448865,348.7885009,NA,16.85526953,4.8,428,0.418126922,1.022627778
"N[2,24]",N02,1998,184.13,607.429,1404.74,688.1764714,356.3884318,NA,16.02029309,4.5,495,0.408878123,1.022601459
"N[2,25]",N02,1999,194.95,635.362,1434.65,712.2727627,360.3484709,NA,15.66068613,4.3,529,0.385089426,1.022073344
"N[2,26]",N02,2000,233.068,694.509,1506.93,771.7950657,365.8198027,NA,15.08425339,4.1,588,0.379946401,1.020315732
"N[2,27]",N02,2001,264.346,741.9225,1516.44,815.4893279,355.7303329,NA,14.17915085,4,629,0.373964401,1.018433851
"N[2,28]",N02,2002,308.888,764.014,1511.01,833.5958351,343.0824847,NA,13.60983863,4,635,0.360867072,1.016900211
"N[2,29]",N02,2003,323.6,778.431,1579.95,851.6554719,360.917177,NA,14.31776278,4,635,0.346699698,1.014234563
"N[2,30]",N02,2004,327.13,829.5265,1647.86,907.3205367,386.5823483,NA,14.362825,3.7,724,0.323970006,1.013980691
"N[2,31]",N02,2005,336.162,844.6265,1714.62,922.3920917,397.7809712,NA,14.51404611,3.6,751,0.314177409,1.011667528
"N[2,32]",N02,2006,343.972,876.9705,1783.88,964.1893508,415.7525989,NA,14.70223356,3.5,800,0.304731227,1.01024447
"N[2,33]",N02,2007,347.338,943.0065,1881.32,1028.458522,431.576617,NA,15.14483499,3.5,812,0.296072668,1.009705806
"N[2,34]",N02,2008,378.566,961.427,1940.65,1049.920941,444.4758059,NA,16.00459393,3.6,771,0.288489002,1.008495991
"N[2,35]",N02,2009,403.568,995.0695,1956.33,1082.592141,448.4801924,NA,16.58322582,3.7,731,0.284623134,1.008760077
"N[2,36]",N02,2010,397.23,1009.33,1936.7,1095.008287,440.1164701,NA,16.18741775,3.7,739,0.284321721,1.009316617
"N[2,37]",N02,2011,471.479,1059.58,2038.19,1143.375074,442.2395826,NA,15.88129937,3.6,775,0.29180057,1.00993858
"N[2,38]",N02,2012,408.812,1012.84,2069.81,1111.331595,475.841755,NA,16.12856509,3.4,870,0.286229775,1.008924532
"N[3,1]",N03,1975,119.4,182.527,259.07,185.0401285,36.05944135,NA,0.903771483,2.5,1592,-0.045975474,1.005703139
"N[3,2]",N03,1976,133.875,223.996,335.957,228.9256631,52.32355456,NA,1.194813707,2.3,1918,-0.072614153,1.005696508
"N[3,3]",N03,1977,148.572,272.49,413.625,279.3274059,69.70672757,NA,1.476350546,2.1,2229,-0.086279579,1.005579467
"N[3,4]",N03,1978,170.194,328.3635,517.448,337.5158809,90.32503193,NA,1.778987889,2,2578,-0.107993318,1.006363882
"N[3,5]",N03,1979,197.492,388.483,631.785,401.6905421,113.8401819,NA,2.375579445,2.1,2296,-0.106644316,1.006679776
"N[3,6]",N03,1980,227.291,452.076,755.908,470.8169247,138.6987697,NA,3.127135797,2.3,1967,-0.106472252,1.006935873
"N[3,7]",N03,1981,260.493,522.773,884.075,544.5387209,164.760972,NA,3.408524718,2.1,2337,-0.095661656,1.005786302
"N[3,8]",N03,1982,302.171,592.9475,1021.91,620.8840561,190.5002385,NA,4.318008716,2.3,1946,-0.071869533,1.004872254
"N[3,9]",N03,1983,319.217,664.7155,1131.24,697.3262147,217.610984,NA,5.48722866,2.5,1573,-0.046980089,1.006501887
"N[3,10]",N03,1984,382.21,733.578,1267.01,771.1238529,242.9091568,NA,6.6071031,2.7,1352,-0.010300527,1.006733879
"N[3,11]",N03,1985,392.27,803.3505,1358.02,844.4797485,266.0937813,NA,7.255183311,2.7,1345,0.01764171,1.007237165
"N[3,12]",N03,1986,411.976,872.6015,1476.03,917.0322448,289.2306204,NA,8.087689234,2.8,1279,0.058622468,1.007530616
"N[3,13]",N03,1987,457.929,947.5415,1614.88,996.5305985,316.004047,NA,9.313708134,2.9,1151,0.108020844,1.008640866
"N[3,14]",N03,1988,467.267,930.537,1639.96,984.0718069,326.2621963,NA,9.973232802,3.1,1070,0.140990837,1.004931579
"N[3,15]",N03,1989,443.427,917.144,1659.79,978.3460068,345.2074916,NA,10.47404724,3,1086,0.151898412,1.004092664
"N[3,16]",N03,1990,433.537,895.4335,1665.66,956.908337,351.7430009,NA,11.22868238,3.2,981,0.178349684,1.003862494
"N[3,17]",N03,1991,407.905,895.229,1669.04,955.8883221,356.7395812,NA,12.40380716,3.5,827,0.203746994,1.004191898
"N[3,18]",N03,1992,362.665,888.535,1655.76,954.034182,367.7928281,NA,13.50345169,3.7,742,0.221258355,1.005815448
"N[3,19]",N03,1993,212.399,715.5375,1472.51,784.8824554,366.9460707,NA,12.54761599,3.4,855,0.209298875,1.007552021
"N[3,20]",N03,1994,193.734,710.094,1513.73,781.8077134,374.448524,NA,12.67001152,3.4,873,0.205050564,1.006228271
"N[3,21]",N03,1995,202.422,723.153,1517.27,791.7773009,371.2198656,NA,12.31572027,3.3,909,0.197389815,1.006556904
"N[3,22]",N03,1996,257.515,748.2635,1549.63,814.7713508,368.4060493,NA,11.65117022,3.2,1000,0.184011846,1.006011622
"N[3,23]",N03,1997,244.681,797.098,1566.05,866.3665111,377.7019612,NA,11.91381393,3.2,1005,0.184793171,1.00611514
"N[3,24]",N03,1998,273.782,790.5005,1538.08,855.685787,365.4831914,NA,10.97510001,3,1109,0.173060237,1.006220492
"N[3,25]",N03,1999,300.661,811.4015,1542.04,872.4853111,360.1363883,NA,10.50769181,2.9,1175,0.170487346,1.005525577
"N[3,26]",N03,2000,323.985,812.7315,1518.3,873.5366413,342.2640442,NA,10.0079237,2.9,1170,0.167118478,1.006387533
"N[3,27]",N03,2001,376.843,835.449,1539.52,893.0248966,332.7052754,NA,9.684006908,2.9,1180,0.169217914,1.005845197
"N[3,28]",N03,2002,365.781,800.3795,1444.24,855.2971772,310.1395315,NA,8.89916386,2.9,1215,0.174503012,1.005951221
"N[3,29]",N03,2003,355.974,808.745,1507.41,868.315059,332.3360423,NA,9.674799164,2.9,1180,0.171557574,1.005964377
"N[3,30]",N03,2004,336.009,815.6915,1526.37,874.9394677,340.2302021,NA,9.471845053,2.8,1290,0.162267749,1.005016524
"N[3,31]",N03,2005,341.576,819.3775,1554.65,881.5559201,347.8963413,NA,9.903229319,2.8,1234,0.158167245,1.005221845
"N[3,32]",N03,2006,367.266,859.1675,1639.59,922.8989578,365.5471723,NA,10.19402579,2.8,1286,0.150379894,1.004313725
"N[3,33]",N03,2007,341.172,812.9,1546.52,874.4706601,347.8878227,NA,9.663362099,2.8,1296,0.151092923,1.004798534
"N[3,34]",N03,2008,337.235,842.081,1604.74,905.9735315,355.4431832,NA,9.387167718,2.6,1434,0.15061907,1.005088616
"N[3,35]",N03,2009,324.233,819.5565,1541.31,883.6866109,344.9774621,NA,9.404180538,2.7,1346,0.149813649,1.005104092
"N[3,36]",N03,2010,348.935,828.4875,1540.49,886.4155939,338.3514503,NA,9.240809838,2.7,1341,0.150305997,1.005356892
"N[3,37]",N03,2011,364.4,815.986,1529.38,872.3401552,322.7684456,NA,8.93480541,2.8,1305,0.159141413,1.005133106
"N[3,38]",N03,2012,376.971,841.9125,1599.32,901.1554255,336.8598537,NA,9.120271558,2.7,1364,0.157644524,1.004091605
"N[4,1]",N04,1975,6.576,9.933115,14.0382,10.04697736,1.932317244,NA,0.057468944,3,1131,0.023218595,1.004013599
"N[4,2]",N04,1976,7.79449,12.56405,18.6677,12.80838119,2.849887618,NA,0.079340502,2.8,1290,0.003850597,1.004818051
"N[4,3]",N04,1977,9.0564,15.9706,24.6488,16.37794217,4.102388519,NA,0.114238604,2.8,1290,0.003803659,1.003875312
"N[4,4]",N04,1978,10.9274,20.2087,32.2271,20.87638467,5.631923117,NA,0.159078202,2.8,1253,-0.01001618,1.004543172
"N[4,5]",N04,1979,13.4477,25.55555,41.7849,26.50290337,7.544337979,NA,0.210242641,2.8,1288,-0.008272885,1.003752178
"N[4,6]",N04,1980,16.3555,32.2427,54.1165,33.64809951,10.12578092,NA,0.287919341,2.8,1237,-0.010245603,1.002419813
"N[4,7]",N04,1981,20.0387,40.7398,68.9812,42.66021676,13.24019889,NA,0.367838752,2.8,1296,-0.008487654,1.002650452
"N[4,8]",N04,1982,24.7247,51.343,87.7292,53.83701888,17.03450679,NA,0.442904501,2.6,1479,-0.009166251,1.002468446
"N[4,9]",N04,1983,30.7385,63.9775,110.744,67.33927595,21.60773102,NA,0.619086362,2.9,1218,0.007105275,1.003151717
"N[4,10]",N04,1984,37.9784,80.45705,138.23,84.33998439,27.19439026,NA,0.75917164,2.8,1283,0.015968319,1.003366817
"N[4,11]",N04,1985,50.3555,99.8347,172.198,104.7028665,32.90567532,NA,1.004051044,3.1,1074,0.037787857,1.004565136
"N[4,12]",N04,1986,63.3599,122.9635,207.865,128.821669,38.8892128,NA,1.197102864,3.1,1055,0.052949297,1.005919833
"N[4,13]",N04,1987,80.784,150.722,246.62,157.1226244,44.60009703,NA,1.524371633,3.4,856,0.091840955,1.00518893
"N[4,14]",N04,1988,99.7754,180.92,295.25,189.1146798,52.90662333,NA,1.742437989,3.3,922,0.110579908,1.006157845
"N[4,15]",N04,1989,115.415,206.465,334.372,216.1431769,59.21861927,NA,2.106040578,3.6,791,0.163853584,1.007696752
"N[4,16]",N04,1990,130.579,230.817,367.106,240.8787126,64.187999,NA,2.311949831,3.6,771,0.206073888,1.00937945
"N[4,17]",N04,1991,163.192,261.3925,410.876,273.8899232,68.2984787,NA,2.626263738,3.8,676,0.2403312,1.01112472
"N[4,18]",N04,1992,124.969,214.4805,361.959,227.8062341,67.23157409,NA,2.568042545,3.8,685,0.251684565,1.012982403
"N[4,19]",N04,1993,94.5974,176.0985,316.201,190.069221,66.21191455,NA,2.479608235,3.7,713,0.234795879,1.014444531
"N[4,20]",N04,1994,70.74,154.441,301.089,170.7146952,68.38642645,NA,2.499490442,3.7,749,0.226935516,1.015910572
"N[4,21]",N04,1995,86.7152,172.091,338.438,188.7011764,73.68076776,NA,2.676663712,3.6,758,0.214543097,1.0157303
"N[4,22]",N04,1996,78.5279,172.5655,342.797,190.9385474,77.33697544,NA,2.61837321,3.4,872,0.216765585,1.016380885
"N[4,23]",N04,1997,81.9817,176.274,361.964,195.7766538,82.36674505,NA,2.703890203,3.3,928,0.199485453,1.017700335
"N[4,24]",N04,1998,74.365,172.649,359.147,193.3795061,84.56959076,NA,2.643187999,3.1,1024,0.182119405,1.017336462
"N[4,25]",N04,1999,92.3248,197.259,396.171,218.5626161,89.69025291,NA,2.689101836,3,1112,0.181993155,1.017048613
"N[4,26]",N04,2000,85.0678,198.585,402.684,220.5555548,93.8593187,NA,2.692889865,2.9,1215,0.170005715,1.016762862
"N[4,27]",N04,2001,74.5271,192.3715,405.14,213.7039883,96.22080863,NA,2.618417698,2.7,1350,0.159225195,1.014904275
"N[4,28]",N04,2002,80.8544,209.993,431.746,231.0151763,100.6959347,NA,2.727147151,2.7,1363,0.141926786,1.013481311
"N[4,29]",N04,2003,87.6766,234.1605,495.099,258.0289415,116.0828719,NA,3.004072306,2.6,1493,0.130955229,1.011166668
"N[4,30]",N04,2004,89.4942,265.9945,553.646,292.0346396,131.5694433,NA,3.220943472,2.4,1669,0.1162377,1.010137641
"N[4,31]",N04,2005,102.242,304.932,624.059,333.723192,147.7327919,NA,3.560995645,2.4,1721,0.096394446,1.009190364
"N[4,32]",N04,2006,123.775,353.613,714.378,384.5525754,165.9938605,NA,3.903448325,2.4,1808,0.083414944,1.008385201
"N[4,33]",N04,2007,143.986,388.2215,790.416,421.9413243,179.5367396,NA,4.026901929,2.2,1988,0.068120791,1.007400243
"N[4,34]",N04,2008,165.255,442.139,893.107,483.5955177,204.086456,NA,4.410088971,2.2,2142,0.052920211,1.006535661
"N[4,35]",N04,2009,157.059,455.604,940.239,497.7066637,219.1924533,NA,4.622328429,2.1,2249,0.041643384,1.005732214
"N[4,36]",N04,2010,161.133,485.2385,990.551,531.9223616,233.4665873,NA,4.706754508,2,2460,0.037445023,1.005475342
"N[4,37]",N04,2011,195.768,526.441,1075.86,578.82494,252.1726489,NA,5.083159649,2,2461,0.035722107,1.005318672
"N[4,38]",N04,2012,187.782,558.887,1205.74,624.5199771,294.1158826,NA,5.680535093,1.9,2681,0.029947287,1.00488195
"N[5,1]",N05,1975,26.0646,39.02265,56.9727,39.95864251,7.965031668,NA,0.392931227,4.9,411,0.444471436,1.014904298
"N[5,2]",N05,1976,29.8238,49.0459,74.847,50.51495616,11.83788452,NA,0.568182311,4.8,434,0.422756259,1.0179108
"N[5,3]",N05,1977,34.26,61.66745,96.3061,63.68395316,16.62746534,NA,0.806411104,4.8,425,0.415680237,1.014730141
"N[5,4]",N05,1978,39.945,76.96385,125.021,80.17303345,22.750047,NA,1.108790895,4.9,421,0.428391115,1.010381404
"N[5,5]",N05,1979,50.4471,95.95515,161.695,100.1263632,29.9129222,NA,1.53406998,5.1,380,0.444431446,1.013827948
"N[5,6]",N05,1980,58.0897,119.184,201.773,125.2451764,38.92889024,NA,2.001961047,5.1,378,0.451751372,1.014051138
"N[5,7]",N05,1981,67.3868,146.3315,249.654,153.532359,49.67468407,NA,2.546744,5.1,380,0.465869915,1.016138844
"N[5,8]",N05,1982,76.7693,178.71,312.004,187.6183446,62.45263666,NA,3.228111841,5.2,374,0.463782049,1.017949309
"N[5,9]",N05,1983,96.1722,216.5305,380.157,227.0528779,76.10376,NA,3.960208817,5.2,369,0.459706379,1.018552409
"N[5,10]",N05,1984,116.256,259.954,454.683,272.1161475,90.45679293,NA,4.592652356,5.1,388,0.444094781,1.019281983
"N[5,11]",N05,1985,135.986,307.782,527.604,321.4802699,102.9623008,NA,4.873042357,4.7,446,0.426786778,1.018507677
"N[5,12]",N05,1986,163.623,362.718,598.887,376.2523267,115.2006656,NA,5.56570179,4.8,428,0.409904083,1.019904086
"N[5,13]",N05,1987,206.472,416.402,668.8,430.8297997,125.3876431,NA,5.994224026,4.8,438,0.397572091,1.014886322
"N[5,14]",N05,1988,240.475,481.1655,770.087,497.0493604,138.5222887,NA,6.445292604,4.7,462,0.386176453,1.016259978
"N[5,15]",N05,1989,261.858,521.802,855.696,541.2705357,155.5642865,NA,7.635644021,4.9,415,0.417715558,1.025304461
"N[5,16]",N05,1990,259.733,551.2545,920.461,571.5288672,169.0281494,NA,8.598641525,5.1,386,0.441547047,1.018246125
"N[5,17]",N05,1991,264.329,588.7405,990.467,610.0337473,183.215728,NA,9.395734651,5.1,380,0.482400685,1.032693243
"N[5,18]",N05,1992,251.535,619.721,1037.11,644.7466422,197.6494419,NA,10.61244304,5.4,347,0.52448288,1.031315315
"N[5,19]",N05,1993,230.315,584.9035,1032.17,606.9306148,208.2627262,NA,11.39112936,5.5,334,0.522882781,1.035229868
"N[5,20]",N05,1994,188.591,577.331,1021.44,602.1358144,217.5259733,NA,11.4094909,5.2,363,0.519520574,1.034219277
"N[5,21]",N05,1995,221.057,606.39,1084.01,631.3089029,223.0327126,NA,11.95227978,5.4,348,0.51748959,1.031962866
"N[5,22]",N05,1996,234.486,640.022,1123.98,665.4352435,230.3564055,NA,12.19985001,5.3,357,0.503258839,1.030140984
"N[5,23]",N05,1997,234.7,649.2345,1130.07,672.7037573,229.8977463,NA,12.39960689,5.4,344,0.506647898,1.029539096
"N[5,24]",N05,1998,245.196,638.8575,1121.87,666.1637168,235.9828164,NA,12.46406701,5.3,358,0.497818294,1.033585463
"N[5,25]",N05,1999,250.05,640.6125,1127.36,669.6476244,237.8662156,NA,12.31675136,5.2,373,0.485880093,1.033151777
"N[5,26]",N05,2000,240.368,601.104,1073.83,632.8352185,229.7857932,NA,12.1435867,5.3,358,0.478630501,1.03192645
"N[5,27]",N05,2001,226.754,581.2325,1017.16,612.3452267,220.6759456,NA,11.01895026,5,401,0.464427783,1.02824474
"N[5,28]",N05,2002,247.98,570.8115,1006.72,603.9597342,210.4781679,NA,10.07162795,4.8,437,0.461084745,1.028025409
"N[5,29]",N05,2003,261.28,593.672,1053.47,633.1717421,222.7690119,NA,10.61535059,4.8,440,0.441970205,1.031420015
"N[5,30]",N05,2004,267.772,615.912,1122.13,660.9830914,234.5367941,NA,11.31396247,4.8,430,0.452179278,1.032031059
"N[5,31]",N05,2005,297.792,613.2465,1150.51,662.6868255,239.9264081,NA,11.38826744,4.7,444,0.436472277,1.028840136
"N[5,32]",N05,2006,314.178,619.7075,1159.78,673.4279292,241.4941117,NA,11.17430123,4.6,467,0.430205106,1.025159776
"N[5,33]",N05,2007,282.942,561.967,1103.69,618.0893718,237.0404262,NA,10.75924161,4.5,485,0.420658282,1.023123762
"N[5,34]",N05,2008,287.136,564.933,1115.25,619.7629466,236.6127454,NA,11.07331058,4.7,457,0.453940999,1.023965386
"N[5,35]",N05,2009,311.431,579.7125,1124.56,639.008849,240.0245624,NA,11.36551794,4.7,446,0.46800108,1.026641517
"N[5,36]",N05,2010,247.858,503.62,1062.58,566.8603976,244.8031022,NA,12.18072227,5,404,0.474744901,1.032338276
"N[5,37]",N05,2011,225.675,455.5365,1020.53,518.4492102,249.2177516,NA,12.65819567,5.1,388,0.476594275,1.033460116
"N[5,38]",N05,2012,23.8552,315.1435,927.732,383.0400714,272.2853366,NA,13.39122892,4.9,413,0.434902404,1.03242905
"N[6,1]",S01,1975,49.5703,76.2251,106.478,77.24630129,14.74214937,NA,0.254103455,1.7,3366,-0.051212475,1.002951115
"N[6,2]",S01,1976,57.8851,96.88765,141.62,98.90325133,21.82424763,NA,0.369851875,1.7,3482,-0.046713017,1.002110866
"N[6,3]",S01,1977,68.5554,122.8495,186.335,126.0290384,31.08843172,NA,0.511152545,1.6,3699,-0.044305791,1.001790325
"N[6,4]",S01,1978,85.5065,155.194,247.122,159.2457267,42.39668179,NA,0.629246773,1.5,4540,-0.043558648,1.001410604
"N[6,5]",S01,1979,98.0528,192.6445,310.702,199.6563375,56.40269264,NA,0.812946025,1.4,4814,-0.051766622,1.000947574
"N[6,6]",S01,1980,119.866,239.09,395.312,248.4188827,72.34665513,NA,1.01805643,1.4,5050,-0.039588316,1.001613303
"N[6,7]",S01,1981,143.131,292.078,486.831,304.9337093,91.43779282,NA,1.25416926,1.4,5315,-0.029737191,1.002208717
"N[6,8]",S01,1982,170.15,345.535,583.49,360.6724705,111.1204552,NA,1.557158239,1.4,5092,-0.033892488,1.001664388
"N[6,9]",S01,1983,206.892,413.922,699.794,432.315223,132.8544481,NA,1.860980211,1.4,5096,-0.025633777,1.002637936
"N[6,10]",S01,1984,243.535,487.7885,828.662,511.7343676,158.4778698,NA,2.338636273,1.5,4592,-0.025839772,1.003961542
"N[6,11]",S01,1985,280.025,548.8045,939.915,574.5415623,178.7844587,NA,2.693616054,1.5,4405,-0.016654318,1.004161192
"N[6,12]",S01,1986,329.32,631.802,1063.07,661.3130204,198.6915303,NA,3.355730747,1.7,3506,-0.012630413,1.003922671
"N[6,13]",S01,1987,366.787,722.482,1160.18,752.5664709,215.7165671,NA,3.738376827,1.7,3330,-0.002226026,1.005612257
"N[6,14]",S01,1988,414.872,809.725,1315.57,844.00545,245.5439706,NA,4.583268944,1.9,2870,0.002283132,1.007200975
"N[6,15]",S01,1989,421.517,823.6015,1389.11,861.2803694,262.2263343,NA,5.156203981,2,2586,-0.005946261,1.00539493
"N[6,16]",S01,1990,426.359,860.885,1487.09,901.1349242,287.6158542,NA,6.016960069,2.1,2285,-0.005602188,1.006055306
"N[6,17]",S01,1991,384.932,869.7055,1545.84,917.5527007,315.2099626,NA,7.087603363,2.2,1978,-0.017767948,1.005901589
"N[6,18]",S01,1992,310.917,807.3045,1527.85,861.8615111,330.9113651,NA,7.580528426,2.3,1906,-0.016000022,1.006304867
"N[6,19]",S01,1993,313.401,806.1355,1549.68,860.4795572,340.0119817,NA,7.410974091,2.2,2105,-0.008963364,1.005930506
"N[6,20]",S01,1994,319.561,838.774,1592.81,893.4627088,349.5454007,NA,7.504197136,2.1,2170,-0.00714103,1.006316008
"N[6,21]",S01,1995,342.528,875.746,1673.47,937.0270834,364.810736,NA,7.686675605,2.1,2252,-0.001976663,1.005963433
"N[6,22]",S01,1996,322.663,876.6135,1657.12,937.6814803,363.6329881,NA,7.565344239,2.1,2310,0.006568956,1.005679794
"N[6,23]",S01,1997,341.664,884.958,1680.77,948.5928609,366.4520706,NA,7.849995431,2.1,2179,0.008752878,1.005696298
"N[6,24]",S01,1998,391.264,918.9005,1770.57,986.974953,380.2696746,NA,8.223714361,2.2,2138,0.015776514,1.005108859
"N[6,25]",S01,1999,349.779,873.06,1681.6,933.1569308,367.0806639,NA,7.699740948,2.1,2273,0.016284175,1.00590829
"N[6,26]",S01,2000,320.114,865.2955,1645.73,929.9937045,361.8645708,NA,7.543799153,2.1,2301,0.007873978,1.00555337
"N[6,27]",S01,2001,365.704,883.929,1691.18,949.5407378,365.277637,NA,7.62904913,2.1,2292,0.005126667,1.005065523
"N[6,28]",S01,2002,371.837,856.383,1621.87,918.7607632,348.1677524,NA,7.381183875,2.1,2225,0.001918431,1.005476887
"N[6,29]",S01,2003,370.585,847.681,1564.8,908.4373265,330.4460947,NA,6.87300653,2.1,2312,0.010147234,1.006252676
"N[6,30]",S01,2004,386.024,880.7625,1635.38,941.9036607,345.786757,NA,6.830940477,2,2562,0.008841372,1.005225279
"N[6,31]",S01,2005,387.893,904.967,1685.88,969.6560255,361.6136541,NA,6.971913378,1.9,2690,0.002998681,1.004274238
"N[6,32]",S01,2006,399.747,926.2625,1725.26,993.223601,370.9387644,NA,7.272940298,2,2601,-0.001808947,1.004851253
"N[6,33]",S01,2007,402.072,941.3905,1735.33,1010.838258,378.072285,NA,7.218314784,1.9,2743,-0.004252143,1.004310523
"N[6,34]",S01,2008,455.406,959.9145,1787.25,1023.96149,375.3557191,NA,7.036447375,1.9,2846,0.008479282,1.003313032
"N[6,35]",S01,2009,446.678,971.23,1770.95,1034.302275,369.5051175,NA,7.147543614,1.9,2673,0.008829204,1.003661214
"N[6,36]",S01,2010,472.336,983.216,1750.53,1042.150163,355.4685485,NA,6.951641749,2,2615,0.010073663,1.003727762
"N[6,37]",S01,2011,443.941,990.372,1797.84,1052.414585,376.630745,NA,7.242969973,1.9,2704,0.01124556,1.003321685
"N[6,38]",S01,2012,435.682,987.6405,1837.68,1055.820395,392.8959862,NA,7.4366686,1.9,2791,0.004353621,1.00370141
"N[7,1]",S02,1975,33.4088,49.75775,68.9477,50.5259711,9.232336817,NA,0.377572197,4.1,598,0.274803928,1.01788087
"N[7,2]",S02,1976,41.0247,65.50255,94.4112,66.99455865,14.14277528,NA,0.517492663,3.7,747,0.237374861,1.013095415
"N[7,3]",S02,1977,52.3997,86.42245,129.466,88.86036568,20.46693991,NA,0.768754145,3.8,709,0.234900363,1.012090241
"N[7,4]",S02,1978,66.2324,113.236,174.405,116.8801119,28.93321839,NA,1.103432964,3.8,688,0.231502343,1.008256037
"N[7,5]",S02,1979,81.5797,147.7515,229.31,152.9036383,40.48916634,NA,1.583385144,3.9,654,0.24110093,1.010628564
"N[7,6]",S02,1980,104.294,193.018,311.091,200.7211899,56.18790795,NA,2.269671998,4,613,0.256319718,1.013193454
"N[7,7]",S02,1981,140.366,251.812,417.512,262.4361464,75.69682253,NA,3.028013645,4,625,0.249612609,1.011569871
"N[7,8]",S02,1982,163.092,319.7385,526.431,333.5485821,98.07514848,NA,3.997397104,4.1,602,0.253725561,1.008819138
"N[7,9]",S02,1983,201.557,397.084,682.97,416.6504577,130.4776518,NA,5.186766453,4,633,0.261731174,1.009603429
"N[7,10]",S02,1984,250.835,510.402,884.84,537.7300096,170.5793445,NA,6.985160819,4.1,596,0.266723935,1.010350987
"N[7,11]",S02,1985,320.718,650.831,1120.76,686.795809,215.1284994,NA,8.692771409,4,612,0.282342103,1.011011934
"N[7,12]",S02,1986,413.683,835.5255,1396.52,874.8975696,267.8183115,NA,10.61055262,4,637,0.276921215,1.009194284
"N[7,13]",S02,1987,539.284,1051.65,1724.84,1097.041192,318.4070409,NA,12.80010488,4,619,0.26654006,1.011244219
"N[7,14]",S02,1988,681.821,1281.66,2090.97,1333.611417,383.2538431,NA,15.2430858,4,632,0.265498397,1.010938862
"N[7,15]",S02,1989,692.25,1381.66,2370.72,1445.870283,451.1753541,NA,17.96294874,4,631,0.275429751,1.011074709
"N[7,16]",S02,1990,739.216,1574.97,2783.2,1663.506297,548.7598516,NA,22.97085508,4.2,571,0.297338068,1.011345118
"N[7,17]",S02,1991,855.365,1826.525,3261.6,1931.827119,646.05374,NA,27.41128876,4.2,555,0.305731003,1.012185687
"N[7,18]",S02,1992,853.945,1983.645,3516.42,2094.290175,709.7042607,NA,30.24874067,4.3,550,0.319068849,1.015084327
"N[7,19]",S02,1993,888.2,2103.38,3795.81,2229.780392,776.5589257,NA,34.20261352,4.4,516,0.332832681,1.013789203
"N[7,20]",S02,1994,1081.27,2338.59,4276.13,2480.234488,858.1525026,NA,36.96309559,4.3,539,0.337460025,1.01459151
"N[7,21]",S02,1995,996.964,2469.96,4401.8,2610.074968,913.9395844,NA,39.38490649,4.3,538,0.338711813,1.016770001
"N[7,22]",S02,1996,1122.57,2676.105,4795.79,2839.453336,1019.220652,NA,43.83950762,4.3,541,0.334289594,1.017892393
"N[7,23]",S02,1997,1095.55,2749.345,4960.32,2925.946056,1072.271241,NA,45.7956402,4.3,548,0.337478754,1.018390585
"N[7,24]",S02,1998,1255.09,2845.54,5331.71,3047.936573,1134.23838,NA,48.61016557,4.3,544,0.324526374,1.018116726
"N[7,25]",S02,1999,1104.98,2844.02,5186.46,3052.274802,1152.525344,NA,46.64940195,4,610,0.308353421,1.01627088
"N[7,26]",S02,2000,1274.07,2949.59,5437.84,3161.143794,1150.683222,NA,45.08821032,3.9,651,0.285366687,1.014974396
"N[7,27]",S02,2001,1392.8,3021.54,5512.55,3237.752599,1165.991796,NA,45.67284309,3.9,652,0.276854843,1.012472748
"N[7,28]",S02,2002,1411.28,3120.245,5487.88,3320.856345,1135.348918,NA,43.08946213,3.8,694,0.284947743,1.015099977
"N[7,29]",S02,2003,1559.37,3083.395,5415.71,3266.893836,1070.28708,NA,39.65300364,3.7,729,0.290704392,1.013804395
"N[7,30]",S02,2004,1488.02,3162.525,5596.67,3355.760204,1136.95698,NA,42.26560969,3.7,724,0.276620081,1.011919575
"N[7,31]",S02,2005,1521.59,3224.665,5807.12,3425.204452,1194.968336,NA,45.06540163,3.8,703,0.278421101,1.010950228
"N[7,32]",S02,2006,1503.06,3284.97,5907.04,3489.85437,1226.536418,NA,45.02629143,3.7,742,0.280444517,1.011767137
"N[7,33]",S02,2007,1502.38,3241.28,5942.65,3460.425813,1232.728262,NA,43.85514402,3.6,790,0.27707481,1.010172215
"N[7,34]",S02,2008,1588.26,3436.21,6119.79,3663.025086,1283.617071,NA,45.1376784,3.5,809,0.265217451,1.01066056
"N[7,35]",S02,2009,1573.53,3340.75,5958.69,3567.35731,1242.723219,NA,42.46696954,3.4,856,0.254597179,1.011111773
"N[7,36]",S02,2010,1731.49,3373.205,6044.1,3589.864239,1200.492936,NA,41.89040439,3.5,821,0.248787934,1.010702876
"N[7,37]",S02,2011,1556.68,3390.305,6180.05,3622.306395,1299.51619,NA,45.21351233,3.5,826,0.235059868,1.009833317
"N[7,38]",S02,2012,1396.76,3367.025,6303.47,3618.56992,1385.924017,NA,45.57626699,3.3,925,0.226975865,1.00793514
"N[8,1]",S05,1975,12.8359,19.79715,27.322,20.02693425,3.746447757,NA,0.072442287,1.9,2675,-0.0715298,1.00087612
"N[8,2]",S05,1976,15.6538,25.38685,37.1467,25.82703053,5.611114488,NA,0.099819815,1.8,3160,-0.081499652,1.001134015
"N[8,3]",S05,1977,18.5475,32.50125,48.6157,33.25802655,7.960027158,NA,0.133598402,1.7,3550,-0.087464614,1.001087167
"N[8,4]",S05,1978,22.8849,41.5465,64.5307,42.67992438,10.95591048,NA,0.183135411,1.7,3579,-0.089275606,1.001184283
"N[8,5]",S05,1979,27.6135,52.8433,84.2435,54.53382504,14.99456058,NA,0.271964255,1.8,3040,-0.099259644,1.00133897
"N[8,6]",S05,1980,32.9225,66.956,107.788,69.33914936,20.01123408,NA,0.351604606,1.8,3239,-0.115117286,1.001165764
"N[8,7]",S05,1981,41.697,84.3865,139.443,87.79739746,26.07273292,NA,0.437308678,1.7,3555,-0.126190103,1.001474803
"N[8,8]",S05,1982,49.3347,105.3235,175.21,109.747608,33.84816185,NA,0.567005127,1.7,3564,-0.127538924,1.002416705
"N[8,9]",S05,1983,60.6294,130.6225,216.724,136.06632,41.64308801,NA,0.729773675,1.8,3256,-0.123437226,1.002567133
"N[8,10]",S05,1984,81.9983,159.8715,269.908,166.7506492,50.153755,NA,0.909253436,1.8,3043,-0.110204798,1.002004929
"N[8,11]",S05,1985,103.837,193.3075,322.664,201.5890697,59.63301655,NA,1.062063286,1.8,3153,-0.097738812,1.002437398
"N[8,12]",S05,1986,122.307,231.303,381.405,240.6880809,69.48934134,NA,1.264567221,1.8,3020,-0.080503272,1.002265997
"N[8,13]",S05,1987,150.676,272.4145,441.694,282.7498407,78.26980866,NA,1.45244319,1.9,2904,-0.058884979,1.003768067
"N[8,14]",S05,1988,162.193,306.8145,500.309,318.9360322,89.77092972,NA,1.816518213,2,2442,-0.036671894,1.004526281
"N[8,15]",S05,1989,155.04,314.08,530.139,329.7818229,101.8407485,NA,2.213194115,2.2,2117,-0.031458938,1.003590508
"N[8,16]",S05,1990,167.067,340.199,587.137,357.3871579,113.7433177,NA,2.560761355,2.3,1973,-0.020776965,1.003770926
"N[8,17]",S05,1991,184.502,363.6065,651.333,385.3669054,126.6655593,NA,2.967111707,2.3,1822,-0.006047723,1.005386985
"N[8,18]",S05,1992,183.451,394.3785,705.744,420.6009342,143.5991124,NA,3.525819935,2.5,1659,0.018940702,1.006030606
"N[8,19]",S05,1993,147.109,365.6675,683.278,392.9894188,149.0179878,NA,3.755247141,2.5,1575,0.029237096,1.006956733
"N[8,20]",S05,1994,158.987,379.708,719.738,407.8143617,155.0596596,NA,4.084378182,2.6,1441,0.030622058,1.007744631
"N[8,21]",S05,1995,166.718,399.372,764.552,430.0330629,165.4485458,NA,4.46753088,2.7,1371,0.047122471,1.007672183
"N[8,22]",S05,1996,170.965,405.323,784.637,438.8966704,172.8611598,NA,4.855743415,2.8,1267,0.064291623,1.009024467
"N[8,23]",S05,1997,141.467,376.068,743.582,409.318854,170.7419664,NA,4.765922306,2.8,1283,0.070265987,1.008629486
"N[8,24]",S05,1998,162.949,391.7235,769.615,425.5554877,173.9760751,NA,4.737042401,2.7,1349,0.077619098,1.009453308
"N[8,25]",S05,1999,147.087,381.576,759.886,418.4232997,178.5186,NA,5.199775486,2.9,1179,0.089280236,1.009705893
"N[8,26]",S05,2000,91.7765,308.611,681.096,345.3999001,171.3434562,NA,4.726264741,2.8,1314,0.0825222,1.008599504
"N[8,27]",S05,2001,112.404,336.0065,717.667,369.7027025,174.2301301,NA,4.695906951,2.7,1377,0.092794842,1.008682395
"N[8,28]",S05,2002,122.93,341.469,700.636,374.3834244,167.2938684,NA,4.602645372,2.8,1321,0.082876393,1.007913353
"N[8,29]",S05,2003,142.003,359.753,718.763,394.0069848,165.5755831,NA,4.362899258,2.6,1440,0.082115817,1.007885074
"N[8,30]",S05,2004,137.656,360.3145,729.465,394.0355558,170.7591882,NA,4.446218018,2.6,1475,0.08419173,1.007675722
"N[8,31]",S05,2005,146.507,384.935,761.91,419.0460347,177.8902625,NA,4.529722138,2.5,1542,0.084770447,1.006996575
"N[8,32]",S05,2006,163.145,412.19,809.315,448.0871891,183.7764435,NA,4.639678455,2.5,1569,0.078680683,1.006176805
"N[8,33]",S05,2007,162.913,423.004,808.832,457.7380198,183.3628892,NA,4.48134314,2.4,1674,0.075048483,1.006163607
"N[8,34]",S05,2008,186.876,436.8765,829.501,471.542048,184.6944911,NA,4.512336049,2.4,1675,0.073906019,1.00653503
"N[8,35]",S05,2009,180.75,451.7005,839.752,487.2557037,184.5917552,NA,4.318251057,2.3,1827,0.068940544,1.007169453
"N[8,36]",S05,2010,219.806,464.4055,860.494,499.2472978,182.0115582,NA,4.395341355,2.4,1715,0.053878547,1.007000995
"N[8,37]",S05,2011,197.822,449.3865,869.064,487.1016454,191.3928116,NA,4.475220589,2.3,1829,0.048469287,1.006517034
"N[8,38]",S05,2012,164.967,435.8065,882.882,476.3904396,202.0044379,NA,4.593522138,2.3,1934,0.052393774,1.006525614
"N[9,1]",YAK,1975,6.11007,9.475035,13.5235,9.650705297,1.924457442,NA,0.063093046,3.3,930,0.131491888,1.007797608
"N[9,2]",YAK,1976,7.22587,11.9382,18.1277,12.20319757,2.840383504,NA,0.089249011,3.1,1013,0.109371412,1.007033681
"N[9,3]",YAK,1977,8.06101,14.95875,23.493,15.4159009,4.027624776,NA,0.130092609,3.2,959,0.106901,1.006742281
"N[9,4]",YAK,1978,9.73035,18.6993,30.5122,19.43502592,5.538453133,NA,0.186813819,3.4,879,0.137383122,1.005413886
"N[9,5]",YAK,1979,11.7823,23.3562,39.7123,24.32432569,7.423898333,NA,0.24897713,3.4,889,0.154402028,1.004525632
"N[9,6]",YAK,1980,13.7512,28.984,50.7024,30.49122968,9.951674564,NA,0.353818991,3.6,791,0.159598489,1.004580076
"N[9,7]",YAK,1981,16.9469,36.1336,65.7063,38.20372135,13.25965762,NA,0.492275274,3.7,726,0.17641638,1.003943689
"N[9,8]",YAK,1982,19.673,44.76615,82.3454,47.5029826,17.08822691,NA,0.58708693,3.4,847,0.18240465,1.005825127
"N[9,9]",YAK,1983,22.9771,55.765,103.531,59.29956429,22.07964533,NA,0.753339605,3.4,859,0.194526963,1.006680593
"N[9,10]",YAK,1984,27.6435,69.42445,130.991,73.82089666,28.37379282,NA,1.011535393,3.6,787,0.197334825,1.00808176
"N[9,11]",YAK,1985,34.4721,85.538,163.826,91.34772141,35.86684984,NA,1.301865342,3.6,759,0.215288473,1.008362704
"N[9,12]",YAK,1986,41.0497,104.5245,201.555,112.3648177,44.52546863,NA,1.650839493,3.7,727,0.230241578,1.009712125
"N[9,13]",YAK,1987,47.4028,127.7425,244.739,137.5103029,55.24020347,NA,2.158011102,3.9,655,0.239480962,1.009798977
"N[9,14]",YAK,1988,56.9169,155.3935,294.921,166.9493268,65.99386432,NA,2.331136338,3.5,801,0.236296191,1.010145452
"N[9,15]",YAK,1989,71.0393,187.4365,356.809,200.8802533,78.41354544,NA,2.9638086,3.8,700,0.225977923,1.010688047
"N[9,16]",YAK,1990,88.3253,225.1105,418.114,239.8145031,91.5571335,NA,3.583005707,3.9,653,0.21292705,1.014729971
"N[9,17]",YAK,1991,115.961,266.54,491.611,283.3336474,103.6690627,NA,3.862445263,3.7,720,0.20554575,1.015645366
"N[9,18]",YAK,1992,135.051,315.8325,557.952,333.5013299,115.7350349,NA,4.398806267,3.8,692,0.185083842,1.015958279
"N[9,19]",YAK,1993,152.76,350.5315,604.015,368.8781997,123.1252937,NA,4.177591152,3.4,869,0.155445832,1.017100108
"N[9,20]",YAK,1994,188.769,394.306,654.544,411.1452671,127.0653708,NA,4.347650559,3.4,854,0.138754776,1.014327337
"N[9,21]",YAK,1995,224.593,427.5135,690.317,445.0258307,125.7433144,NA,4.033516463,3.2,972,0.136776145,1.017147617
"N[9,22]",YAK,1996,260.113,495.655,816.926,514.6907113,149.6195555,NA,4.812531373,3.2,967,0.131704269,1.017012784
"N[9,23]",YAK,1997,263.85,558.6,928.66,584.5478045,178.1185003,NA,5.379251201,3,1096,0.111327641,1.012583113
"N[9,24]",YAK,1998,276.647,586.978,1007.68,616.8582342,195.8209309,NA,6.356629854,3.2,949,0.13237391,1.016744574
"N[9,25]",YAK,1999,315.106,666.144,1149.64,702.3799275,225.2980794,NA,6.976887815,3.1,1043,0.127180174,1.013807247
"N[9,26]",YAK,2000,319.638,698.846,1220.83,737.9659906,240.6235822,NA,7.696612402,3.2,977,0.164518428,1.01483485
"N[9,27]",YAK,2001,362.446,768.372,1340.99,810.3609187,261.2019022,NA,8.819778926,3.4,877,0.183958491,1.013015723
"N[9,28]",YAK,2002,365.316,781.31,1370.71,825.7922632,273.0314716,NA,9.224686223,3.4,876,0.204996464,1.013540353
"N[9,29]",YAK,2003,400.665,816.8835,1416.9,858.8395157,276.3881827,NA,9.215827679,3.3,899,0.231957131,1.013990493
"N[9,30]",YAK,2004,440.649,865.5915,1459.98,910.5465935,278.1211017,NA,9.419461186,3.4,872,0.266707702,1.012979671
"N[9,31]",YAK,2005,482.831,871.1805,1474.32,918.9560212,273.8554284,NA,9.795306222,3.6,782,0.320227389,1.012097891
"N[9,32]",YAK,2006,392.715,855.9595,1603.15,918.1991982,335.5634041,NA,13.21322185,3.9,645,0.350441451,1.015400633
"N[9,33]",YAK,2007,308.389,838.4025,1667.17,913.1495538,378.5371949,NA,15.86024346,4.2,570,0.389973709,1.020151041
"N[9,34]",YAK,2008,322.825,889.928,1835.68,976.8557673,435.0552061,NA,20.44828081,4.7,453,0.445986329,1.022842829
"N[9,35]",YAK,2009,194.743,812.2835,1834.69,908.0696988,477.7412159,NA,23.6355564,4.9,409,0.461294173,1.029488156
"N[9,36]",YAK,2010,153.853,780.4955,1904.76,894.5093391,522.7345327,NA,26.41255101,5.1,392,0.485657408,1.033344931
"N[9,37]",YAK,2011,91.075,710.397,1926.42,835.5676499,571.2419377,NA,29.33216986,5.1,379,0.474673262,1.03715587
"N[9,38]",YAK,2012,12.6466,679.5765,1947.25,813.3652466,614.8364987,NA,30.34593858,4.9,411,0.452588065,1.048532192
"N[10,1]",N08,1975,0,0,0,0,0,0,NA,NA,NA,NA,NA
"N[10,2]",N08,1976,0,0,0,0,0,0,NA,NA,NA,NA,NA
"N[10,3]",N08,1977,0,0,0,0,0,0,NA,NA,NA,NA,NA
"N[10,4]",N08,1978,0,0,0,0,0,0,NA,NA,NA,NA,NA
"N[10,5]",N08,1979,0,0,0,0,0,0,NA,NA,NA,NA,NA
"N[10,6]",N08,1980,0,0,0,0,0,0,NA,NA,NA,NA,NA
"N[10,7]",N08,1981,0,0,0,0,0,0,NA,NA,NA,NA,NA
"N[10,8]",N08,1982,0,0,0,0,0,0,NA,NA,NA,NA,NA
"N[10,9]",N08,1983,0,0,0,0,0,0,NA,NA,NA,NA,NA
"N[10,10]",N08,1984,0,0,0,0,0,0,NA,NA,NA,NA,NA
"N[10,11]",N08,1985,0,0,0,0,0,0,NA,NA,NA,NA,NA
"N[10,12]",N08,1986,2.03896,4.59832,8.80006,5.034669242,2.139429164,NA,0.036754924,1.7,3388,0.078774569,1.010228274
"N[10,13]",N08,1987,2.66661,5.639765,10.6039,6.118639415,2.430663996,NA,0.040191887,1.7,3657,0.07575509,1.009358261
"N[10,14]",N08,1988,2.0468,5.022645,10.2561,5.588948471,2.623381085,NA,0.050317536,1.9,2718,0.099400838,1.010860038
"N[10,15]",N08,1989,1.87753,5.398915,11.3605,6.051521928,3.033382026,NA,0.057433165,1.9,2790,0.090361143,1.010150053
"N[10,16]",N08,1990,1.76253,5.39706,11.7924,6.129295482,3.292614727,NA,0.06277786,1.9,2751,0.094414694,1.009866543
"N[10,17]",N08,1991,1.93862,5.60375,12.5639,6.44185034,3.624737277,NA,0.068282456,1.9,2818,0.093817587,1.01081226
"N[10,18]",N08,1992,2.01469,6.02893,13.7241,6.979619839,3.985299772,NA,0.076990601,1.9,2679,0.086182032,1.010372937
"N[10,19]",N08,1993,2.56977,6.691075,15.6046,7.764870668,4.423932472,NA,0.082952213,1.9,2844,0.082650027,1.010800832
"N[10,20]",N08,1994,3.08089,7.76533,17.2318,8.888255294,4.793075977,NA,0.087020904,1.8,3034,0.064388583,1.010389054
"N[10,21]",N08,1995,4.26256,9.43525,20.1419,10.62541608,5.266157857,NA,0.093306169,1.8,3185,0.062873924,1.010449851
"N[10,22]",N08,1996,5.07641,11.463,22.9615,12.73040868,5.768711763,NA,0.100067308,1.7,3323,0.05551473,1.010444437
"N[10,23]",N08,1997,5.52388,11.92545,23.3249,13.19090554,5.965131816,NA,0.105815955,1.8,3178,0.050749689,1.010083528
"N[10,24]",N08,1998,5.83483,12.74465,24.7672,14.11096315,6.343233617,NA,0.11291549,1.8,3156,0.041643639,1.009660956
"N[10,25]",N08,1999,6.04525,13.1492,26.4847,14.6551849,6.887565359,NA,0.127975131,1.9,2897,0.039496329,1.00897583
"N[10,26]",N08,2000,4.2261,10.6835,24.3222,12.37734352,7.098914022,NA,0.134393364,1.9,2790,0.045814912,1.007561374
"N[10,27]",N08,2001,3.42449,9.948335,25.0175,11.94272764,7.63854899,NA,0.146358289,1.9,2724,0.051970341,1.006826392
"N[10,28]",N08,2002,3.5219,11.0268,28.7691,13.34614662,8.699631111,NA,0.170885207,2,2592,0.062256625,1.005686856
"N[10,29]",N08,2003,3.48832,11.2561,33.5093,14.20396148,10.24063617,NA,0.205279411,2,2489,0.058381322,1.005365003
"N[10,30]",N08,2004,3.74849,13.0533,38.6942,16.55839955,12.13891014,NA,0.241429826,2,2528,0.052025453,1.004495884
"N[10,31]",N08,2005,4.43507,15.885,47.646,19.99678425,14.44159727,NA,0.28066573,1.9,2648,0.051084986,1.00407478
"N[10,32]",N08,2006,4.1664,17.10385,55.0336,22.1645664,17.17963086,NA,0.331944056,1.9,2679,0.049329739,1.003537431
"N[10,33]",N08,2007,3.17104,18.1887,64.2086,24.39999109,20.73727127,NA,0.400673454,1.9,2679,0.047827967,1.002919901
"N[10,34]",N08,2008,1.55963,16.64535,69.836,24.15189885,24.03465388,NA,0.457234798,1.9,2763,0.049166657,1.003025492
"N[10,35]",N08,2009,1.01037,20.2086,84.8251,29.22657798,29.4309846,NA,0.565613287,1.9,2708,0.054683596,1.002860629
"N[10,36]",N08,2010,1.38683,25.02115,104.857,35.94190871,35.91160496,NA,0.68290118,1.9,2765,0.061480764,1.002757034
"N[10,37]",N08,2011,0.985491,30.9599,127.786,44.22830438,43.68869362,NA,0.834025475,1.9,2744,0.061019736,1.002390224
"N[10,38]",N08,2012,0.388819,35.34455,157.447,52.05975537,54.4912734,NA,1.025495378,1.9,2823,0.061178639,1.001978735
"N[11,1]",N07,1975,0,0,0,0,0,0,NA,NA,NA,NA,NA
"N[11,2]",N07,1976,0,0,0,0,0,0,NA,NA,NA,NA,NA
"N[11,3]",N07,1977,0,0,0,0,0,0,NA,NA,NA,NA,NA
"N[11,4]",N07,1978,0,0,0,0,0,0,NA,NA,NA,NA,NA
"N[11,5]",N07,1979,0,0,0,0,0,0,NA,NA,NA,NA,NA
"N[11,6]",N07,1980,0,0,0,0,0,0,NA,NA,NA,NA,NA
"N[11,7]",N07,1981,0,0,0,0,0,0,NA,NA,NA,NA,NA
"N[11,8]",N07,1982,2.68887,9.3687,19.6717,10.221647,4.738238987,NA,0.168448869,3.6,791,0.184614656,1.018038931
"N[11,9]",N07,1983,3.21638,11.7027,24.9823,12.9117431,6.133592826,NA,0.217770118,3.6,793,0.166597412,1.017603249
"N[11,10]",N07,1984,4.17779,14.6325,31.5199,16.1614707,7.782081378,NA,0.257350845,3.3,914,0.154210673,1.016962545
"N[11,11]",N07,1985,5.39837,18.16355,39.5896,20.15602677,9.750905148,NA,0.331406634,3.4,866,0.144912291,1.017004039
"N[11,12]",N07,1986,6.6333,22.5731,48.8078,24.98435025,12.03634766,NA,0.379744435,3.2,1005,0.145288646,1.016921164
"N[11,13]",N07,1987,8.62974,27.8728,60.3106,30.82523748,14.75249112,NA,0.457502676,3.1,1040,0.129769433,1.016915794
"N[11,14]",N07,1988,9.91196,32.48845,70.9832,35.97026077,17.49777071,NA,0.575689348,3.3,924,0.127816733,1.017759227
"N[11,15]",N07,1989,12.5081,39.30905,84.3267,43.10054509,20.53533228,NA,0.640475264,3.1,1028,0.112382015,1.018923821
"N[11,16]",N07,1990,15.928,46.775,98.0295,51.43265456,23.74012439,NA,0.703962019,3,1137,0.100708764,1.018718502
"N[11,17]",N07,1991,19.303,55.7989,111.979,60.90200564,26.8388362,NA,0.802097045,3,1120,0.089121598,1.018319009
"N[11,18]",N07,1992,25.9348,66.48355,130.235,72.08939359,30.49248216,NA,0.912910976,3,1116,0.083274055,1.016470067
"N[11,19]",N07,1993,9.28495,50.7413,118.136,56.55492016,32.34761876,NA,0.932471667,2.9,1203,0.070726446,1.020126239
"N[11,20]",N07,1994,10.4361,58.1073,132.555,64.08010305,35.74596725,NA,1.008556267,2.8,1256,0.07618694,1.020372819
"N[11,21]",N07,1995,13.3403,66.8404,148.23,73.09274515,39.18296604,NA,1.093368483,2.8,1284,0.073100552,1.02072713
"N[11,22]",N07,1996,14.6497,76.53895,160.585,82.77153954,42.52961253,NA,1.164686329,2.7,1333,0.073297418,1.020428768
"N[11,23]",N07,1997,20.8613,86.07275,179.513,92.79682853,45.5414249,NA,1.211406317,2.7,1413,0.067996487,1.019418518
"N[11,24]",N07,1998,22.1404,90.8633,186.049,97.54068756,46.31389364,NA,1.248371066,2.7,1376,0.069367415,1.018469714
"N[11,25]",N07,1999,26.8435,98.1378,195.507,105.1072973,47.07557643,NA,1.235707275,2.6,1451,0.06403938,1.019245002
"N[11,26]",N07,2000,31.9941,105.977,206.671,113.018217,47.83021686,NA,1.215819798,2.5,1548,0.061058214,1.019318876
"N[11,27]",N07,2001,42.1872,112.455,215.793,120.0400617,47.93068484,NA,1.17686299,2.5,1659,0.061606925,1.017751852
"N[11,28]",N07,2002,49.0088,117.0285,219.444,125.8356775,47.90462902,NA,1.16653323,2.4,1686,0.060412138,1.015813095
"N[11,29]",N07,2003,43.679,111.325,221.555,121.9959989,51.64976186,NA,1.286416871,2.5,1612,0.060275747,1.013306944
"N[11,30]",N07,2004,31.0056,98.4913,216.106,110.7205959,54.89383733,NA,1.36052514,2.5,1628,0.067184324,1.012182499
"N[11,31]",N07,2005,33.4992,102.4925,228.563,116.3418309,58.96831453,NA,1.534415121,2.6,1477,0.069260064,1.011628794
"N[11,32]",N07,2006,40.3632,110.6095,246.139,126.2732503,63.34840283,NA,1.622840945,2.6,1524,0.069079934,1.009416125
"N[11,33]",N07,2007,44.4311,112.19,256.476,129.8534051,66.8770175,NA,1.707547837,2.6,1534,0.078588811,1.009829287
"N[11,34]",N07,2008,42.8556,107.2855,259.169,126.6622376,70.33317287,NA,1.896417623,2.7,1375,0.086575788,1.009277366
"N[11,35]",N07,2009,44.0358,108.7165,272.514,130.3440085,75.85252939,NA,2.153935053,2.8,1240,0.102238284,1.009932238
"N[11,36]",N07,2010,29.5582,85.4771,254.605,108.5332651,78.82906506,NA,2.304598932,2.9,1170,0.110600791,1.009345211
"N[11,37]",N07,2011,31.8862,88.5268,266.071,114.0664461,86.01273707,NA,2.502128224,2.9,1182,0.116548866,1.008674264
"N[11,38]",N07,2012,5.31899,67.6134,273.636,96.24035729,96.67225135,NA,2.797725393,2.9,1194,0.121409069,1.006244404
"N[12,1]",S03,1975,0,0,0,0,0,0,NA,NA,NA,NA,NA
"N[12,2]",S03,1976,0,0,0,0,0,0,NA,NA,NA,NA,NA
"N[12,3]",S03,1977,0,0,0,0,0,0,NA,NA,NA,NA,NA
"N[12,4]",S03,1978,0,0,0,0,0,0,NA,NA,NA,NA,NA
"N[12,5]",S03,1979,0,0,0,0,0,0,NA,NA,NA,NA,NA
"N[12,6]",S03,1980,0,0,0,0,0,0,NA,NA,NA,NA,NA
"N[12,7]",S03,1981,0,0,0,0,0,0,NA,NA,NA,NA,NA
"N[12,8]",S03,1982,2.52287,6.807415,14.1477,7.439716061,3.377359737,NA,0.155662237,4.6,471,0.445164529,1.031509513
"N[12,9]",S03,1983,2.8636,8.52118,17.3094,9.327895356,4.233101747,NA,0.191783517,4.5,487,0.409457891,1.029215601
"N[12,10]",S03,1984,3.7482,10.6647,22.0229,11.7059367,5.376128185,NA,0.233202453,4.3,531,0.388472554,1.027151989
"N[12,11]",S03,1985,4.5647,13.2441,27.7926,14.64693466,6.821866507,NA,0.28240212,4.1,584,0.364419764,1.026997491
"N[12,12]",S03,1986,6.2777,16.5425,35.3584,18.31002213,8.461924764,NA,0.368600523,4.4,527,0.342296077,1.025159047
"N[12,13]",S03,1987,7.4853,20.58555,44.0164,22.89733353,10.61655707,NA,0.448661978,4.2,560,0.323897729,1.022300702
"N[12,14]",S03,1988,9.00413,25.6115,54.009,28.6047453,13.25156075,NA,0.541450427,4.1,599,0.314433858,1.021720096
"N[12,15]",S03,1989,12.3045,31.99115,69.299,35.87888348,16.87958305,NA,0.660450138,3.9,653,0.304905031,1.020919425
"N[12,16]",S03,1990,14.7803,39.8523,83.7082,44.66545628,20.79967247,NA,0.860681068,4.1,584,0.286373442,1.019071438
"N[12,17]",S03,1991,18.5026,49.69315,103.756,55.56954158,25.78307515,NA,1.04667679,4.1,607,0.274300008,1.0198628
"N[12,18]",S03,1992,24.4543,61.72645,128.431,69.03331946,31.62415388,NA,1.215869913,3.8,676,0.265122461,1.019533784
"N[12,19]",S03,1993,30.9669,76.43,158.196,85.61051807,38.48899403,NA,1.448234994,3.8,706,0.255195894,1.018764425
"N[12,20]",S03,1994,41.8956,95.61835,194.363,106.152992,46.07824133,NA,1.754306958,3.8,690,0.229709575,1.017178487
"N[12,21]",S03,1995,55.1954,113.4835,230.345,125.9931297,53.47406058,NA,2.107639983,3.9,644,0.220805627,1.01725573
"N[12,22]",S03,1996,68.1854,139.9565,273.555,154.5158468,63.04470083,NA,2.401150349,3.8,689,0.219744981,1.015652614
"N[12,23]",S03,1997,86.0815,168.8395,323.861,185.4261215,72.13889769,NA,2.706906439,3.8,710,0.212175314,1.015637106
"N[12,24]",S03,1998,96.5962,190.2725,363.818,208.9337904,79.11142383,NA,2.874349625,3.6,758,0.204654664,1.015795117
"N[12,25]",S03,1999,96.7912,196.6865,396.223,217.2492095,87.67706477,NA,3.096591451,3.5,802,0.187466056,1.013427466
"N[12,26]",S03,2000,96.6368,209.6415,428.431,232.9273842,97.33068705,NA,3.29523403,3.4,872,0.1734317,1.012164171
"N[12,27]",S03,2001,92.7408,222.001,463.793,247.4236267,107.3840405,NA,3.474237465,3.2,955,0.152636078,1.012160578
"N[12,28]",S03,2002,98.6113,252.667,520.78,279.7777057,119.8137912,NA,3.691676369,3.1,1053,0.141209566,1.011978394
"N[12,29]",S03,2003,116.428,286.598,574.319,313.9465559,130.2400219,NA,3.736192233,2.9,1215,0.128151642,1.012918135
"N[12,30]",S03,2004,147.141,364.3955,708.075,396.6572801,155.4104601,NA,4.383250336,2.8,1257,0.116682523,1.012128413
"N[12,31]",S03,2005,205.36,452.934,868.893,488.4447614,183.9260092,NA,5.005274368,2.7,1350,0.108567115,1.010780019
"N[12,32]",S03,2006,249.313,542.9,1031.51,581.9026398,215.523375,NA,5.77875919,2.7,1391,0.098445502,1.009242657
"N[12,33]",S03,2007,280.314,639.9445,1178.91,684.2959155,248.1034276,NA,6.675537682,2.7,1381,0.096301043,1.009765995
"N[12,34]",S03,2008,374.464,793.925,1438.28,845.2493678,291.8223613,NA,7.809022415,2.7,1397,0.085442921,1.009429119
"N[12,35]",S03,2009,397.155,880.8265,1605.78,939.3243219,333.2613331,NA,8.925898904,2.7,1394,0.07714602,1.008917165
"N[12,36]",S03,2010,477.16,1046.695,1889.03,1113.743282,393.4240914,NA,10.58312724,2.7,1382,0.076030252,1.008150734
"N[12,37]",S03,2011,448.38,1162.995,2263.53,1254.100944,506.8678196,NA,12.53705307,2.5,1635,0.073243704,1.006518528
"N[12,38]",S03,2012,414.715,1324.775,2692.9,1440.41277,639.7401432,NA,15.21518097,2.4,1768,0.063255005,1.005734229
"N[13,1]",S09,1975,0,0,0,0,0,0,NA,NA,NA,NA,NA
"N[13,2]",S09,1976,0,0,0,0,0,0,NA,NA,NA,NA,NA
"N[13,3]",S09,1977,0,0,0,0,0,0,NA,NA,NA,NA,NA
"N[13,4]",S09,1978,0,0,0,0,0,0,NA,NA,NA,NA,NA
"N[13,5]",S09,1979,0,0,0,0,0,0,NA,NA,NA,NA,NA
"N[13,6]",S09,1980,0,0,0,0,0,0,NA,NA,NA,NA,NA
"N[13,7]",S09,1981,0,0,0,0,0,0,NA,NA,NA,NA,NA
"N[13,8]",S09,1982,2.75661,8.44072,16.4222,9.086466693,3.774339886,NA,0.0474096,1.3,6338,0.003641449,1.001636765
"N[13,9]",S09,1983,3.46128,10.6621,20.6755,11.51331935,4.842974007,NA,0.058735588,1.2,6799,0.008677206,1.001149921
"N[13,10]",S09,1984,4.74288,13.48545,26.5191,14.55819926,6.15229831,NA,0.074938582,1.2,6740,0.007459652,1.000831108
"N[13,11]",S09,1985,6.3401,17.0007,34.1879,18.39980407,7.827123681,NA,0.095668831,1.2,6694,0.008172642,1.000953488
"N[13,12]",S09,1986,7.41746,21.2658,42.8165,23.17646959,9.903973822,NA,0.1211273,1.2,6686,0.007506395,1.000803282
"N[13,13]",S09,1987,9.3524,26.92745,54.2246,29.33223851,12.66559438,NA,0.15214124,1.2,6930,0.005840631,1.000764165
"N[13,14]",S09,1988,12.2784,33.67085,67.9283,36.93184197,15.98306037,NA,0.188025311,1.2,7226,0.014588093,1.000477731
"N[13,15]",S09,1989,14.8991,42.36305,86.7333,46.65747666,20.71450963,NA,0.241796321,1.2,7339,0.010131385,1.000611089
"N[13,16]",S09,1990,19.3094,53.29145,111.285,59.0364757,26.91229737,NA,0.30682871,1.1,7693,0.009295649,1.00042302
"N[13,17]",S09,1991,24.4251,67.0986,143.079,74.48443984,34.57160992,NA,0.400058952,1.2,7468,0.010740148,1.000754144
"N[13,18]",S09,1992,29.1545,84.42555,180.685,93.69438079,43.80871383,NA,0.503624594,1.1,7567,0.005535883,1.001230578
"N[13,19]",S09,1993,36.3124,105.913,227.99,117.6705867,55.6389336,NA,0.634118701,1.1,7699,0.00187861,1.001483052
"N[13,20]",S09,1994,45.6191,132.4895,287.627,147.416373,70.15184089,NA,0.786898472,1.1,7948,-0.000177046,1.001818236
"N[13,21]",S09,1995,51.163,164.7745,354.265,183.4478857,87.2087481,NA,0.98382466,1.1,7858,-0.001385006,1.001942857
"N[13,22]",S09,1996,66.9433,203.9655,435.617,227.3225246,106.8095402,NA,1.215642875,1.1,7720,-0.005773696,1.001846817
"N[13,23]",S09,1997,89.5287,253.039,529.85,280.0681631,127.890503,NA,1.446167003,1.1,7821,-0.001427892,1.002557932
"N[13,24]",S09,1998,115.565,311.0625,648.189,343.0652062,152.6241371,NA,1.738875654,1.1,7704,0.007827737,1.0028049
"N[13,25]",S09,1999,133.667,382.292,773.362,418.7245576,180.5349262,NA,2.04251275,1.1,7813,0.007230853,1.002781933
"N[13,26]",S09,2000,179.812,462.7435,916.967,501.6617686,207.3208183,NA,2.370537652,1.1,7649,0.011315113,1.002964892
"N[13,27]",S09,2001,241.868,566.4875,1111.85,609.8891341,240.6031255,NA,2.684698998,1.1,8032,0.014853995,1.002360167
"N[13,28]",S09,2002,283.455,658.828,1230.63,706.3104195,266.2445112,NA,3.04329956,1.1,7654,0.021368006,1.003206928
"N[13,29]",S09,2003,358.142,773.199,1393.22,823.1756642,286.4276562,NA,3.326341109,1.2,7415,0.032385048,1.003589431
"N[13,30]",S09,2004,406.661,924.3085,1659.61,980.1659947,344.2505685,NA,3.985179543,1.2,7462,0.04766734,1.003544562
"N[13,31]",S09,2005,476.146,1086.38,1966.59,1156.344069,411.2697658,NA,4.791916828,1.2,7366,0.042846768,1.003060502
"N[13,32]",S09,2006,572.632,1262.255,2319.14,1345.788526,481.8029608,NA,5.62249332,1.2,7343,0.039324152,1.002963939
"N[13,33]",S09,2007,604.219,1450.24,2642.14,1544.487706,557.3977919,NA,6.397846589,1.1,7590,0.042276486,1.00228832
"N[13,34]",S09,2008,721.646,1638.615,3019.58,1750.10233,632.3081213,NA,7.274712412,1.2,7555,0.040226346,1.001902847
"N[13,35]",S09,2009,814.244,1841.75,3407.74,1964.756659,714.600195,NA,8.68002722,1.2,6778,0.048132083,1.001641959
"N[13,36]",S09,2010,877.525,2036.105,3742.7,2180.043446,801.3354999,NA,10.12596217,1.3,6263,0.045741895,1.001240645
"N[13,37]",S09,2011,867.934,2170.255,4263.37,2362.289864,972.3324177,NA,12.42625084,1.3,6123,0.043455242,1.001042147
"N[13,38]",S09,2012,834.491,2297.62,4835.43,2533.895363,1139.893117,NA,15.15290114,1.3,5659,0.035577753,1.001254169
"N[14,1]",S10,1975,0,0,0,0,0,0,NA,NA,NA,NA,NA
"N[14,2]",S10,1976,0,0,0,0,0,0,NA,NA,NA,NA,NA
"N[14,3]",S10,1977,0,0,0,0,0,0,NA,NA,NA,NA,NA
"N[14,4]",S10,1978,0,0,0,0,0,0,NA,NA,NA,NA,NA
"N[14,5]",S10,1979,0,0,0,0,0,0,NA,NA,NA,NA,NA
"N[14,6]",S10,1980,0,0,0,0,0,0,NA,NA,NA,NA,NA
"N[14,7]",S10,1981,0,0,0,0,0,0,NA,NA,NA,NA,NA
"N[14,8]",S10,1982,0,0,0,0,0,0,NA,NA,NA,NA,NA
"N[14,9]",S10,1983,7.8874,15.89385,27.1577,16.6390811,5.21823156,NA,0.126594888,2.4,1699,-0.017940052,1.011385112
"N[14,10]",S10,1984,9.76112,20.9431,35.5309,21.95237781,7.003411079,NA,0.168020663,2.4,1737,-0.017369946,1.011311303
"N[14,11]",S10,1985,12.7864,27.3935,47.1089,28.89018208,9.384761602,NA,0.225130431,2.4,1738,-0.01909901,1.010557629
"N[14,12]",S10,1986,17.1265,35.8529,62.5738,37.98406317,12.42152603,NA,0.288325336,2.3,1856,-0.013338627,1.010465533
"N[14,13]",S10,1987,23.3539,47.2382,82.2024,49.90217574,16.20055961,NA,0.357764629,2.2,2051,-0.01308583,1.009698277
"N[14,14]",S10,1988,32.7404,61.8663,108.844,65.48191548,21.03086013,NA,0.477179262,2.3,1942,-0.009917498,1.010229028
"N[14,15]",S10,1989,42.8915,80.80405,140.208,85.73034375,26.95820282,NA,0.58317214,2.2,2137,-0.007500279,1.010668581
"N[14,16]",S10,1990,57.5348,105.9305,182.669,112.5748828,34.6724009,NA,0.760221861,2.2,2080,0.002356248,1.011591976
"N[14,17]",S10,1991,65.8042,120.377,214.757,129.0197525,41.13800199,NA,0.944088173,2.3,1899,0.001371082,1.010109244
"N[14,18]",S10,1992,83.8235,153.277,266.788,163.853852,52.15953205,NA,1.221023725,2.3,1825,0.01295111,1.01178745
"N[14,19]",S10,1993,47.7279,125.574,263.282,139.101083,61.98500107,NA,1.422494975,2.3,1899,0.018590679,1.009974
"N[14,20]",S10,1994,53.2925,153.1015,318.227,169.0505337,75.04012953,NA,1.721370732,2.3,1900,0.019476029,1.008897892
"N[14,21]",S10,1995,72.0955,190.02,395.315,209.4071364,91.51638948,NA,2.040630274,2.2,2011,0.018727148,1.008096177
"N[14,22]",S10,1996,87.5674,237.862,480.46,260.0913039,110.329849,NA,2.398033929,2.2,2117,0.022178439,1.008186153
"N[14,23]",S10,1997,115.724,279.2,555.331,302.3948568,125.3442724,NA,2.650098765,2.1,2237,0.024188714,1.0065252
"N[14,24]",S10,1998,140.82,340.267,657.234,367.4733332,146.764669,NA,3.068357272,2.1,2288,0.022058484,1.006335126
"N[14,25]",S10,1999,149.485,372.314,716.85,400.8974606,161.6882158,NA,3.340629945,2.1,2343,0.021067744,1.005182096
"N[14,26]",S10,2000,184.103,451.1435,845.889,483.5103242,185.3646068,NA,3.701143571,2,2508,0.018544146,1.004052055
"N[14,27]",S10,2001,206.688,489.8225,921.423,525.0932586,199.5793129,NA,3.895914053,2,2624,0.019290547,1.003457436
"N[14,28]",S10,2002,234.921,542.7995,992.65,581.2272352,211.9706076,NA,4.008701943,1.9,2796,0.018050137,1.003180786
"N[14,29]",S10,2003,287.08,635.074,1122.68,672.8233778,230.7240144,NA,4.120947821,1.8,3135,0.014304408,1.004304392
"N[14,30]",S10,2004,329.144,697.631,1271.23,741.5116191,264.2802737,NA,4.518876466,1.7,3420,0.021853781,1.007944873
"N[14,31]",S10,2005,341.113,775.036,1424.62,829.1996745,305.1805377,NA,5.209412731,1.7,3432,0.026763202,1.011258282
"N[14,32]",S10,2006,341.22,841.56,1557.71,902.5349906,344.7206438,NA,5.890660573,1.7,3425,0.023307588,1.016407329
"N[14,33]",S10,2007,370.709,906.8375,1725.87,979.9141693,384.1801163,NA,6.564851453,1.7,3425,0.027620622,1.023037695
"N[14,34]",S10,2008,403.15,966.106,1886.94,1050.01789,423.2726687,NA,7.354089773,1.7,3313,0.027879444,1.031230117
"N[14,35]",S10,2009,403.315,1009.21,2015.63,1103.95095,463.6367274,NA,8.094018351,1.7,3281,0.024302412,1.040022675
"N[14,36]",S10,2010,420.164,1040.51,2131.28,1152.483545,493.8102783,NA,8.570633703,1.7,3320,0.022648682,1.048416115
"N[14,37]",S10,2011,414.717,1091.75,2407.19,1232.175298,582.5315925,NA,10.06799654,1.7,3348,0.024253034,1.056136798
"N[14,38]",S10,2012,373.526,1122.245,2627.38,1293.680552,666.8838286,NA,11.12114885,1.7,3596,0.02500546,1.062874612
"N[15,1]",S07,1975,0,0,0,0,0,0,NA,NA,NA,NA,NA
"N[15,2]",S07,1976,0,0,0,0,0,0,NA,NA,NA,NA,NA
"N[15,3]",S07,1977,0,0,0,0,0,0,NA,NA,NA,NA,NA
"N[15,4]",S07,1978,0,0,0,0,0,0,NA,NA,NA,NA,NA
"N[15,5]",S07,1979,0,0,0,0,0,0,NA,NA,NA,NA,NA
"N[15,6]",S07,1980,0,0,0,0,0,0,NA,NA,NA,NA,NA
"N[15,7]",S07,1981,0,0,0,0,0,0,NA,NA,NA,NA,NA
"N[15,8]",S07,1982,0,0,0,0,0,0,NA,NA,NA,NA,NA
"N[15,9]",S07,1983,0,0,0,0,0,0,NA,NA,NA,NA,NA
"N[15,10]",S07,1984,0,0,0,0,0,0,NA,NA,NA,NA,NA
"N[15,11]",S07,1985,11.6484,20.72775,31.6491,21.24936236,5.296659503,NA,0.092562435,1.7,3274,0.006217031,1.003465501
"N[15,12]",S07,1986,16.2767,27.99925,43.147,28.72282708,7.166901382,NA,0.121340921,1.7,3489,0.005487662,1.001687522
"N[15,13]",S07,1987,22.5056,37.7612,59.2506,38.93066851,9.676355146,NA,0.156510426,1.6,3822,0.009128728,1.001076048
"N[15,14]",S07,1988,29.838,51.94535,79.405,53.57331159,13.15054036,NA,0.215052671,1.6,3739,0.013324449,1.000949734
"N[15,15]",S07,1989,38.2013,68.4874,107.026,70.94413058,18.33887141,NA,0.296460742,1.6,3827,0.007043745,1.000390719
"N[15,16]",S07,1990,49.9675,89.8007,142.189,93.52387006,25.04978662,NA,0.413266234,1.6,3674,0.006556933,1.000918714
"N[15,17]",S07,1991,64.6364,118.1,188.829,123.1761389,33.61548778,NA,0.564135198,1.7,3551,0.009031848,1.001127396
"N[15,18]",S07,1992,87.6199,155.623,253.94,163.4128033,45.21420951,NA,0.80725593,1.8,3137,0.007799062,1.001916258
"N[15,19]",S07,1993,73.5174,159.457,282.267,169.2099372,57.26601996,NA,0.98901421,1.7,3353,0.003549021,1.001158564
"N[15,20]",S07,1994,97.158,205.549,371.342,218.9371452,75.4600904,NA,1.36660548,1.8,3049,0.010430644,1.001197073
"N[15,21]",S07,1995,88.0514,219.9125,427.162,236.9557807,93.97629281,NA,1.678528173,1.8,3135,0.005629161,1.001286212
"N[15,22]",S07,1996,111.67,282.118,549.344,304.0809336,122.3191755,NA,2.128562713,1.7,3302,0.005847262,1.001414814
"N[15,23]",S07,1997,128.475,335.8085,659.153,363.7918903,149.2278291,NA,2.531892927,1.7,3474,0.006736423,1.001374221
"N[15,24]",S07,1998,165.117,425.442,820.953,458.3538064,182.597586,NA,3.07008704,1.7,3537,0.002219085,1.001438016
"N[15,25]",S07,1999,223.875,543.1995,1040.29,584.0411886,226.5574812,NA,3.716806799,1.6,3715,0.000164774,1.001581095
"N[15,26]",S07,2000,302.125,666.017,1268.84,714.4022422,266.5864718,NA,4.335730469,1.6,3781,0.001098554,1.002096556
"N[15,27]",S07,2001,374.581,812.91,1483.33,863.4321248,303.6875985,NA,4.81408187,1.6,3979,-0.001620604,1.002207507
"N[15,28]",S07,2002,483.565,996.7035,1750.91,1053.123227,346.6353383,NA,5.414856711,1.6,4098,0.00505587,1.002340642
"N[15,29]",S07,2003,624.372,1221.15,2061.45,1281.8724,389.9309499,NA,5.944225094,1.5,4303,0.014465425,1.002531194
"N[15,30]",S07,2004,730.412,1443.5,2492.38,1519.247281,478.75264,NA,7.161946186,1.5,4468,0.013627513,1.002872876
"N[15,31]",S07,2005,791.259,1623.955,2815.85,1708.555761,547.7320545,NA,8.178055104,1.5,4486,0.0220743,1.002791836
"N[15,32]",S07,2006,893.359,1903.355,3308.81,2008.375381,663.3935685,NA,10.21529031,1.5,4217,0.027380528,1.003414018
"N[15,33]",S07,2007,947.036,2092.295,3670.25,2211.513539,756.1205925,NA,11.14902463,1.5,4599,0.027305801,1.004111436
"N[15,34]",S07,2008,1031.22,2284.045,4103.56,2423.586569,845.430286,NA,12.30123545,1.5,4723,0.027616416,1.005790505
"N[15,35]",S07,2009,1137.31,2506.685,4528,2674.832924,940.4647276,NA,13.34742446,1.4,4965,0.038124062,1.006918581
"N[15,36]",S07,2010,1203.57,2735.595,4936.21,2916.607704,1028.852621,NA,14.50722441,1.4,5030,0.045818715,1.008241848
"N[15,37]",S07,2011,1191.8,2943.31,5638,3174.140487,1244.843815,NA,17.8550752,1.4,4861,0.044110741,1.009328975
"N[15,38]",S07,2012,1174.18,3113.265,6344.17,3397.906708,1456.780944,NA,20.4923312,1.4,5054,0.033475627,1.010903009
"N[16,1]",N06,1975,0,0,0,0,0,0,NA,NA,NA,NA,NA
"N[16,2]",N06,1976,0,0,0,0,0,0,NA,NA,NA,NA,NA
"N[16,3]",N06,1977,0,0,0,0,0,0,NA,NA,NA,NA,NA
"N[16,4]",N06,1978,0,0,0,0,0,0,NA,NA,NA,NA,NA
"N[16,5]",N06,1979,0,0,0,0,0,0,NA,NA,NA,NA,NA
"N[16,6]",N06,1980,0,0,0,0,0,0,NA,NA,NA,NA,NA
"N[16,7]",N06,1981,0,0,0,0,0,0,NA,NA,NA,NA,NA
"N[16,8]",N06,1982,0,0,0,0,0,0,NA,NA,NA,NA,NA
"N[16,9]",N06,1983,0,0,0,0,0,0,NA,NA,NA,NA,NA
"N[16,10]",N06,1984,0,0,0,0,0,0,NA,NA,NA,NA,NA
"N[16,11]",N06,1985,0,0,0,0,0,0,NA,NA,NA,NA,NA
"N[16,12]",N06,1986,0,0,0,0,0,0,NA,NA,NA,NA,NA
"N[16,13]",N06,1987,0,0,0,0,0,0,NA,NA,NA,NA,NA
"N[16,14]",N06,1988,0,0,0,0,0,0,NA,NA,NA,NA,NA
"N[16,15]",N06,1989,0,0,0,0,0,0,NA,NA,NA,NA,NA
"N[16,16]",N06,1990,2.68911,8.670455,18.0433,9.540754206,4.368008532,NA,0.065246066,1.5,4482,-0.001414392,1.002641185
"N[16,17]",N06,1991,3.5728,10.6615,23.0942,11.82106199,5.528242236,NA,0.080953216,1.5,4663,-0.001955765,1.002617321
"N[16,18]",N06,1992,4.07958,12.88255,28.1828,14.33802179,6.942340669,NA,0.101707025,1.5,4659,-0.005702812,1.002682736
"N[16,19]",N06,1993,2.62056,12.62425,30.9803,14.48533341,8.358102676,NA,0.122203244,1.5,4678,-0.005201817,1.002542425
"N[16,20]",N06,1994,2.12792,14.51815,36.6954,16.73744668,10.208122,NA,0.152090707,1.5,4505,-0.007423873,1.002419642
"N[16,21]",N06,1995,2.59325,17.62795,44.3902,20.33584302,12.23869589,NA,0.178499511,1.5,4701,0.00121438,1.00231344
"N[16,22]",N06,1996,3.56596,21.5696,53.1159,24.69597395,14.50355247,NA,0.205845967,1.4,4964,0.004683822,1.00227611
"N[16,23]",N06,1997,5.44762,26.37125,63.6693,29.77342595,16.97913133,NA,0.237472382,1.4,5112,0.004138897,1.002051109
"N[16,24]",N06,1998,6.00085,31.87115,74.3863,35.692409,19.62328143,NA,0.267762859,1.4,5371,0.012076981,1.001511288
"N[16,25]",N06,1999,8.81617,38.1855,88.1208,42.47123785,22.46439701,NA,0.300915736,1.3,5573,0.011685887,1.001441789
"N[16,26]",N06,2000,9.13411,45.1024,99.5676,49.96530822,25.50274312,NA,0.338238612,1.3,5685,0.014612982,1.001235338
"N[16,27]",N06,2001,13.4748,52.86785,115.113,58.19882825,28.39828108,NA,0.374727382,1.3,5743,0.007388251,1.001224807
"N[16,28]",N06,2002,17.1138,61.7391,127.896,67.32045713,31.26921461,NA,0.405405272,1.3,5949,0.008588674,1.000988546
"N[16,29]",N06,2003,19.5127,70.08445,148.284,77.17501783,36.47984053,NA,0.476740104,1.3,5855,0.008948829,1.001407481
"N[16,30]",N06,2004,22.5237,79.1084,170.88,87.57543641,42.58426818,NA,0.570699557,1.3,5568,0.002579255,1.002099954
"N[16,31]",N06,2005,26.9819,88.0641,197.256,98.34644994,48.93263332,NA,0.687222698,1.4,5070,0.007577383,1.002201303
"N[16,32]",N06,2006,28.3031,98.22785,222.254,109.8439762,55.91706755,NA,0.799437862,1.4,4892,0.01991912,1.002867832
"N[16,33]",N06,2007,26.9212,108.3955,244.738,121.7466383,63.76455683,NA,0.938968322,1.5,4612,0.018811648,1.003308207
"N[16,34]",N06,2008,25.1269,118.117,272.957,133.9446907,72.80052723,NA,1.114629333,1.5,4266,0.021190382,1.003545717
"N[16,35]",N06,2009,27.1292,125.916,303.998,143.9998708,81.86573737,NA,1.274636639,1.6,4125,0.020530724,1.003952378
"N[16,36]",N06,2010,29.7671,134.718,343.457,156.2886707,93.2836731,NA,1.4931779,1.6,3903,0.022771048,1.004420528
"N[16,37]",N06,2011,26.4419,139.2565,373.169,164.1756125,103.8470344,NA,1.688967735,1.6,3780,0.031610537,1.004934241
"N[16,38]",N06,2012,25.6832,149.451,433.309,181.6307162,124.5010972,NA,2.019813218,1.6,3799,0.033284295,1.005472076
"N[17,1]",S06,1975,0,0,0,0,0,0,NA,NA,NA,NA,NA
"N[17,2]",S06,1976,0,0,0,0,0,0,NA,NA,NA,NA,NA
"N[17,3]",S06,1977,0,0,0,0,0,0,NA,NA,NA,NA,NA
"N[17,4]",S06,1978,0,0,0,0,0,0,NA,NA,NA,NA,NA
"N[17,5]",S06,1979,0,0,0,0,0,0,NA,NA,NA,NA,NA
"N[17,6]",S06,1980,0,0,0,0,0,0,NA,NA,NA,NA,NA
"N[17,7]",S06,1981,0,0,0,0,0,0,NA,NA,NA,NA,NA
"N[17,8]",S06,1982,0,0,0,0,0,0,NA,NA,NA,NA,NA
"N[17,9]",S06,1983,0,0,0,0,0,0,NA,NA,NA,NA,NA
"N[17,10]",S06,1984,0,0,0,0,0,0,NA,NA,NA,NA,NA
"N[17,11]",S06,1985,0,0,0,0,0,0,NA,NA,NA,NA,NA
"N[17,12]",S06,1986,0,0,0,0,0,0,NA,NA,NA,NA,NA
"N[17,13]",S06,1987,0,0,0,0,0,0,NA,NA,NA,NA,NA
"N[17,14]",S06,1988,0,0,0,0,0,0,NA,NA,NA,NA,NA
"N[17,15]",S06,1989,0,0,0,0,0,0,NA,NA,NA,NA,NA
"N[17,16]",S06,1990,0,0,0,0,0,0,NA,NA,NA,NA,NA
"N[17,17]",S06,1991,0,0,0,0,0,0,NA,NA,NA,NA,NA
"N[17,18]",S06,1992,0,0,0,0,0,0,NA,NA,NA,NA,NA
"N[17,19]",S06,1993,0,0,0,0,0,0,NA,NA,NA,NA,NA
"N[17,20]",S06,1994,0,0,0,0,0,0,NA,NA,NA,NA,NA
"N[17,21]",S06,1995,0,0,0,0,0,0,NA,NA,NA,NA,NA
"N[17,22]",S06,1996,0,0,0,0,0,0,NA,NA,NA,NA,NA
"N[17,23]",S06,1997,0,0,0,0,0,0,NA,NA,NA,NA,NA
"N[17,24]",S06,1998,0,0,0,0,0,0,NA,NA,NA,NA,NA
"N[17,25]",S06,1999,12.7596,20.5054,29.2355,20.92508403,4.312771931,NA,0.046337828,1.1,8662,0.022252116,1.002122209
"N[17,26]",S06,2000,11.701,19.7,30.8471,20.39446053,5.117857695,NA,0.055394163,1.1,8536,0.018038956,1.001573546
"N[17,27]",S06,2001,11.2167,21.18275,33.6429,22.11009549,6.127039847,NA,0.066091483,1.1,8594,0.014387697,1.000634195
"N[17,28]",S06,2002,12.5186,24.42475,40.3952,25.57055104,7.663871577,NA,0.08169328,1.1,8801,0.01359104,1.000409339
"N[17,29]",S06,2003,6.93326,19.3299,38.1208,20.91216611,8.75617556,NA,0.095783889,1.1,8357,0.007541319,1.000397911
"N[17,30]",S06,2004,8.53579,24.05985,49.5212,26.18806273,11.47545781,NA,0.127163368,1.1,8144,0.00851541,1.000273807
"N[17,31]",S06,2005,10.454,30.71005,63.4087,33.5903354,14.86130391,NA,0.16149995,1.1,8468,0.006142022,1.000302831
"N[17,32]",S06,2006,14.1494,39.3934,81.7464,43.06753206,19.04050805,NA,0.20938437,1.1,8269,0.015609055,1.00042652
"N[17,33]",S06,2007,17.1765,50.47185,103.391,55.03087569,24.32110436,NA,0.268358672,1.1,8214,0.022171005,1.000916768
"N[17,34]",S06,2008,21.8315,64.72575,132.43,70.35803247,31.07529562,NA,0.335456773,1.1,8581,0.015744082,1.001104119
"N[17,35]",S06,2009,28.5322,82.45905,167.437,89.4013171,39.18379619,NA,0.424610718,1.1,8516,0.012606297,1.001346085
"N[17,36]",S06,2010,36.1984,104.466,212.775,113.9005957,49.76200179,NA,0.541252458,1.1,8453,0.010679034,1.001359753
"N[17,37]",S06,2011,38.9892,131.6955,270.398,143.6787655,65.53301647,NA,0.70879247,1.1,8548,0.006136718,1.0012702
"N[17,38]",S06,2012,47.6103,162.489,345.327,177.9133972,84.89417919,NA,0.889431591,1,9110,0.011717207,1.001262629
"N[18,1]",S08,1975,0,0,0,0,0,0,NA,NA,NA,NA,NA
"N[18,2]",S08,1976,0,0,0,0,0,0,NA,NA,NA,NA,NA
"N[18,3]",S08,1977,0,0,0,0,0,0,NA,NA,NA,NA,NA
"N[18,4]",S08,1978,0,0,0,0,0,0,NA,NA,NA,NA,NA
"N[18,5]",S08,1979,0,0,0,0,0,0,NA,NA,NA,NA,NA
"N[18,6]",S08,1980,0,0,0,0,0,0,NA,NA,NA,NA,NA
"N[18,7]",S08,1981,0,0,0,0,0,0,NA,NA,NA,NA,NA
"N[18,8]",S08,1982,0,0,0,0,0,0,NA,NA,NA,NA,NA
"N[18,9]",S08,1983,0,0,0,0,0,0,NA,NA,NA,NA,NA
"N[18,10]",S08,1984,0,0,0,0,0,0,NA,NA,NA,NA,NA
"N[18,11]",S08,1985,0,0,0,0,0,0,NA,NA,NA,NA,NA
"N[18,12]",S08,1986,0,0,0,0,0,0,NA,NA,NA,NA,NA
"N[18,13]",S08,1987,0,0,0,0,0,0,NA,NA,NA,NA,NA
"N[18,14]",S08,1988,0,0,0,0,0,0,NA,NA,NA,NA,NA
"N[18,15]",S08,1989,0,0,0,0,0,0,NA,NA,NA,NA,NA
"N[18,16]",S08,1990,0,0,0,0,0,0,NA,NA,NA,NA,NA
"N[18,17]",S08,1991,0,0,0,0,0,0,NA,NA,NA,NA,NA
"N[18,18]",S08,1992,0,0,0,0,0,0,NA,NA,NA,NA,NA
"N[18,19]",S08,1993,0,0,0,0,0,0,NA,NA,NA,NA,NA
"N[18,20]",S08,1994,0,0,0,0,0,0,NA,NA,NA,NA,NA
"N[18,21]",S08,1995,7.59318,14.7842,24.5371,15.36150485,4.457875251,NA,0.109216276,2.4,1666,-0.012576937,1.007387341
"N[18,22]",S08,1996,9.94201,19.29785,32.2615,20.13362422,5.940006939,NA,0.138543898,2.3,1838,0.004994763,1.006204362
"N[18,23]",S08,1997,12.6519,25.25935,41.6505,26.32424849,7.753120289,NA,0.177817145,2.3,1901,0.008128867,1.00531772
"N[18,24]",S08,1998,16.7461,32.987,54.2516,34.43349871,10.0728521,NA,0.218623226,2.2,2123,0.008290773,1.004829532
"N[18,25]",S08,1999,23.2571,43.0019,71.2145,44.93159279,12.87214494,NA,0.267513746,2.1,2315,0.001320803,1.004591024
"N[18,26]",S08,2000,30.2071,55.46765,90.549,58.03031454,16.38964421,NA,0.337632944,2.1,2356,0.006684385,1.004493295
"N[18,27]",S08,2001,33.677,65.14995,106.912,68.31999533,19.87650565,NA,0.403375673,2,2428,0.019334998,1.00439978
"N[18,28]",S08,2002,42.1486,81.0321,132.365,84.95651599,24.64376118,NA,0.482352079,2,2610,0.034473235,1.004255939
"N[18,29]",S08,2003,50.7905,94.9953,160.697,99.93076998,30.14676713,NA,0.587863639,2,2630,0.033045885,1.004564238
"N[18,30]",S08,2004,41.4101,99.15055,181.116,105.3611925,38.78959534,NA,0.74892047,1.9,2683,0.032910262,1.004017631
"N[18,31]",S08,2005,49.5705,121.0765,227.801,129.5057251,49.85250477,NA,0.973811595,2,2621,0.031243169,1.003962315
"N[18,32]",S08,2006,64.7588,157.0365,292.413,168.532275,64.29836424,NA,1.310371037,2,2408,0.03303297,1.004706399
"N[18,33]",S08,2007,85.0073,202.8335,378.9,217.451706,81.63381957,NA,1.693968934,2.1,2322,0.033309008,1.004486319
"N[18,34]",S08,2008,105.482,247.41,468.98,265.8270412,100.6702733,NA,2.212661461,2.2,2070,0.03729896,1.005299958
"N[18,35]",S08,2009,133.993,319.4845,597.088,342.9887787,128.9489038,NA,2.868407573,2.2,2021,0.033157974,1.004340566
"N[18,36]",S08,2010,163.601,384.2035,722.917,412.8467285,158.70645,NA,3.783078272,2.4,1760,0.029137021,1.004387027
"N[18,37]",S08,2011,160.607,453.178,895.675,491.9281901,207.9112021,NA,5.126381329,2.5,1645,0.0268499,1.005061401
"N[18,38]",S08,2012,67.286,434.4695,991.803,484.545284,263.827397,NA,5.792920629,2.2,2074,0.022142974,1.005742684
"N[19,1]",GBY,1975,0,0,0,0,0,0,NA,NA,NA,NA,NA
"N[19,2]",GBY,1976,0,0,0,0,0,0,NA,NA,NA,NA,NA
"N[19,3]",GBY,1977,0,0,0,0,0,0,NA,NA,NA,NA,NA
"N[19,4]",GBY,1978,0,0,0,0,0,0,NA,NA,NA,NA,NA
"N[19,5]",GBY,1979,0,0,0,0,0,0,NA,NA,NA,NA,NA
"N[19,6]",GBY,1980,0,0,0,0,0,0,NA,NA,NA,NA,NA
"N[19,7]",GBY,1981,0,0,0,0,0,0,NA,NA,NA,NA,NA
"N[19,8]",GBY,1982,0,0,0,0,0,0,NA,NA,NA,NA,NA
"N[19,9]",GBY,1983,0,0,0,0,0,0,NA,NA,NA,NA,NA
"N[19,10]",GBY,1984,0,0,0,0,0,0,NA,NA,NA,NA,NA
"N[19,11]",GBY,1985,0,0,0,0,0,0,NA,NA,NA,NA,NA
"N[19,12]",GBY,1986,0,0,0,0,0,0,NA,NA,NA,NA,NA
"N[19,13]",GBY,1987,0,0,0,0,0,0,NA,NA,NA,NA,NA
"N[19,14]",GBY,1988,0,0,0,0,0,0,NA,NA,NA,NA,NA
"N[19,15]",GBY,1989,0,0,0,0,0,0,NA,NA,NA,NA,NA
"N[19,16]",GBY,1990,0,0,0,0,0,0,NA,NA,NA,NA,NA
"N[19,17]",GBY,1991,0,0,0,0,0,0,NA,NA,NA,NA,NA
"N[19,18]",GBY,1992,0,0,0,0,0,0,NA,NA,NA,NA,NA
"N[19,19]",GBY,1993,0,0,0,0,0,0,NA,NA,NA,NA,NA
"N[19,20]",GBY,1994,0,0,0,0,0,0,NA,NA,NA,NA,NA
"N[19,21]",GBY,1995,0,0,0,0,0,0,NA,NA,NA,NA,NA
"N[19,22]",GBY,1996,166.741,308.5385,499.234,321.8031379,89.3423853,NA,2.945304085,3.3,920,0.154582434,1.010304996
"N[19,23]",GBY,1997,219.902,381.4585,594.02,395.3925946,99.94098406,NA,2.809236236,2.8,1266,0.108825522,1.009202634
"N[19,24]",GBY,1998,288.542,471.3365,698.119,485.4508785,108.9897184,NA,2.599470678,2.4,1758,0.077830259,1.006560354
"N[19,25]",GBY,1999,395.361,577.9365,813.61,593.1176729,112.3730673,NA,2.351595655,2.1,2283,0.073320858,1.007864204
"N[19,26]",GBY,2000,513.572,731.581,992.201,748.1093244,127.3550422,NA,2.424073106,1.9,2760,0.070305746,1.00728068
"N[19,27]",GBY,2001,689.833,937.673,1259.93,955.7565257,151.5732693,NA,2.492063321,1.6,3699,0.047746279,1.006022316
"N[19,28]",GBY,2002,891.897,1187.005,1598.33,1209.311112,187.2134107,NA,3.167950103,1.7,3492,0.050240418,1.005018887
"N[19,29]",GBY,2003,1147.97,1531.82,2037.37,1561.925635,234.4605108,NA,3.573771948,1.5,4304,0.056388344,1.004303778
"N[19,30]",GBY,2004,1457.75,1986.48,2608.41,2021.415084,302.1991314,NA,4.245482429,1.4,5067,0.042602458,1.003013071
"N[19,31]",GBY,2005,1754.26,2491.57,3371.52,2531.769686,426.9223325,NA,5.668577846,1.3,5672,0.035329112,1.00318244
"N[19,32]",GBY,2006,2181.55,3074.51,4206.09,3148.10543,536.3026803,NA,6.909778942,1.3,6024,0.024777333,1.003956398
"N[19,33]",GBY,2007,2282.7,3724.955,5264.21,3802.462725,767.4246445,NA,9.210801632,1.2,6942,0.012830611,1.002919676
"N[19,34]",GBY,2008,2815.1,4422.82,6714.04,4539.37831,1022.677214,NA,11.76211928,1.2,7560,0.00550584,1.002119075
"N[19,35]",GBY,2009,3069.2,5158.595,7918.01,5331.530359,1283.094116,NA,15.14981168,1.2,7173,0.027548429,1.002262839
"N[19,36]",GBY,2010,3384.41,5960.67,9173.6,6174.029418,1539.233956,NA,17.76499363,1.2,7507,0.024976891,1.002542631
"N[19,37]",GBY,2011,4053.67,6828.105,10681.4,7057.276049,1767.814045,NA,21.77761207,1.2,6590,0.032002537,1.002895633
"N[19,38]",GBY,2012,4787.72,7638.51,12153.7,7954.859974,1973.449178,NA,24.2798431,1.2,6606,0.029950974,1.003958385
"N[20,1]",S04,1975,0,0,0,0,0,0,NA,NA,NA,NA,NA
"N[20,2]",S04,1976,0,0,0,0,0,0,NA,NA,NA,NA,NA
"N[20,3]",S04,1977,0,0,0,0,0,0,NA,NA,NA,NA,NA
"N[20,4]",S04,1978,0,0,0,0,0,0,NA,NA,NA,NA,NA
"N[20,5]",S04,1979,0,0,0,0,0,0,NA,NA,NA,NA,NA
"N[20,6]",S04,1980,0,0,0,0,0,0,NA,NA,NA,NA,NA
"N[20,7]",S04,1981,0,0,0,0,0,0,NA,NA,NA,NA,NA
"N[20,8]",S04,1982,0,0,0,0,0,0,NA,NA,NA,NA,NA
"N[20,9]",S04,1983,0,0,0,0,0,0,NA,NA,NA,NA,NA
"N[20,10]",S04,1984,0,0,0,0,0,0,NA,NA,NA,NA,NA
"N[20,11]",S04,1985,0,0,0,0,0,0,NA,NA,NA,NA,NA
"N[20,12]",S04,1986,0,0,0,0,0,0,NA,NA,NA,NA,NA
"N[20,13]",S04,1987,0,0,0,0,0,0,NA,NA,NA,NA,NA
"N[20,14]",S04,1988,0,0,0,0,0,0,NA,NA,NA,NA,NA
"N[20,15]",S04,1989,0,0,0,0,0,0,NA,NA,NA,NA,NA
"N[20,16]",S04,1990,0,0,0,0,0,0,NA,NA,NA,NA,NA
"N[20,17]",S04,1991,0,0,0,0,0,0,NA,NA,NA,NA,NA
"N[20,18]",S04,1992,0,0,0,0,0,0,NA,NA,NA,NA,NA
"N[20,19]",S04,1993,0,0,0,0,0,0,NA,NA,NA,NA,NA
"N[20,20]",S04,1994,0,0,0,0,0,0,NA,NA,NA,NA,NA
"N[20,21]",S04,1995,0,0,0,0,0,0,NA,NA,NA,NA,NA
"N[20,22]",S04,1996,0,0,0,0,0,0,NA,NA,NA,NA,NA
"N[20,23]",S04,1997,0,0,0,0,0,0,NA,NA,NA,NA,NA
"N[20,24]",S04,1998,0,0,0,0,0,0,NA,NA,NA,NA,NA
"N[20,25]",S04,1999,20.5468,29.41765,40.5513,29.90635381,5.264488726,NA,0.053065611,1,9842,-0.012564457,1.000677129
"N[20,26]",S04,2000,26.6866,38.75145,53.3614,39.34111164,6.913546729,NA,0.070741651,1,9551,-0.006218638,1.001118972
"N[20,27]",S04,2001,8.73242,20.90985,36.7335,21.81259269,7.479609028,NA,0.076636456,1,9525,0.009766257,1.002195149
"N[20,28]",S04,2002,8.85029,24.278,44.373,25.49355602,9.57645455,NA,0.101582867,1.1,8887,0.016388998,1.003109521
"N[20,29]",S04,2003,11.3504,30.3265,56.2138,31.84090305,11.9122226,NA,0.126896266,1.1,8812,0.012167393,1.003272458
"N[20,30]",S04,2004,14.0479,38.37275,71.1176,40.52307682,15.44476041,NA,0.16434315,1.1,8832,0.008516856,1.002968466
"N[20,31]",S04,2005,19.0486,48.71585,93.1952,51.47892672,19.94339694,NA,0.213614867,1.1,8716,0.008308947,1.003023264
"N[20,32]",S04,2006,19.5765,61.29305,113.466,65.11147867,25.58101062,NA,0.275670894,1.1,8611,0.009127245,1.00312674
"N[20,33]",S04,2007,28.2406,76.9962,146.13,82.02446455,32.4234479,NA,0.352881927,1.1,8442,0.010923991,1.002692491
"N[20,34]",S04,2008,32.771,96.01155,182.172,102.6039433,41.00910956,NA,0.444874504,1.1,8497,0.011908794,1.002918756
"N[20,35]",S04,2009,41.8596,118.896,225.801,127.6369022,51.46943881,NA,0.568419971,1.1,8199,0.013235822,1.003178399
"N[20,36]",S04,2010,54.4653,146.7595,284.345,157.6015005,63.84216118,NA,0.713723475,1.1,8001,0.018056149,1.003018852
"N[20,37]",S04,2011,57.0584,175.915,346.992,190.9586324,82.39458895,NA,0.920685494,1.1,8009,0.021813846,1.00326196
"N[20,38]",S04,2012,63.4836,209.7265,434.666,230.016735,105.2156205,NA,1.16216555,1.1,8196,0.022003519,1.003881211
"N[21,1]",N10,1975,0,0,0,0,0,0,NA,NA,NA,NA,NA
"N[21,2]",N10,1976,0,0,0,0,0,0,NA,NA,NA,NA,NA
"N[21,3]",N10,1977,0,0,0,0,0,0,NA,NA,NA,NA,NA
"N[21,4]",N10,1978,0,0,0,0,0,0,NA,NA,NA,NA,NA
"N[21,5]",N10,1979,0,0,0,0,0,0,NA,NA,NA,NA,NA
"N[21,6]",N10,1980,0,0,0,0,0,0,NA,NA,NA,NA,NA
"N[21,7]",N10,1981,0,0,0,0,0,0,NA,NA,NA,NA,NA
"N[21,8]",N10,1982,0,0,0,0,0,0,NA,NA,NA,NA,NA
"N[21,9]",N10,1983,0,0,0,0,0,0,NA,NA,NA,NA,NA
"N[21,10]",N10,1984,0,0,0,0,0,0,NA,NA,NA,NA,NA
"N[21,11]",N10,1985,0,0,0,0,0,0,NA,NA,NA,NA,NA
"N[21,12]",N10,1986,0,0,0,0,0,0,NA,NA,NA,NA,NA
"N[21,13]",N10,1987,0,0,0,0,0,0,NA,NA,NA,NA,NA
"N[21,14]",N10,1988,0,0,0,0,0,0,NA,NA,NA,NA,NA
"N[21,15]",N10,1989,0,0,0,0,0,0,NA,NA,NA,NA,NA
"N[21,16]",N10,1990,0,0,0,0,0,0,NA,NA,NA,NA,NA
"N[21,17]",N10,1991,0,0,0,0,0,0,NA,NA,NA,NA,NA
"N[21,18]",N10,1992,0,0,0,0,0,0,NA,NA,NA,NA,NA
"N[21,19]",N10,1993,0,0,0,0,0,0,NA,NA,NA,NA,NA
"N[21,20]",N10,1994,0,0,0,0,0,0,NA,NA,NA,NA,NA
"N[21,21]",N10,1995,0,0,0,0,0,0,NA,NA,NA,NA,NA
"N[21,22]",N10,1996,0,0,0,0,0,0,NA,NA,NA,NA,NA
"N[21,23]",N10,1997,0,0,0,0,0,0,NA,NA,NA,NA,NA
"N[21,24]",N10,1998,0,0,0,0,0,0,NA,NA,NA,NA,NA
"N[21,25]",N10,1999,0,0,0,0,0,0,NA,NA,NA,NA,NA
"N[21,26]",N10,2000,0,0,0,0,0,0,NA,NA,NA,NA,NA
"N[21,27]",N10,2001,0,0,0,0,0,0,NA,NA,NA,NA,NA
"N[21,28]",N10,2002,0,0,0,0,0,0,NA,NA,NA,NA,NA
"N[21,29]",N10,2003,0,0,0,0,0,0,NA,NA,NA,NA,NA
"N[21,30]",N10,2004,4.63833,12.13035,22.4727,12.84765448,4.83199467,NA,0.050644662,1,9103,0.003178466,1.000190389
"N[21,31]",N10,2005,5.50613,15.692,29.3917,16.62054111,6.443605791,NA,0.067723571,1.1,9053,-0.002497556,1.000252039
"N[21,32]",N10,2006,7.85217,20.1325,39.5801,21.52965131,8.599977956,NA,0.091646991,1.1,8806,-0.004381966,1.000392615
"N[21,33]",N10,2007,9.09672,25.89785,51.0768,27.89112651,11.55729442,NA,0.121792503,1.1,9005,-0.004983756,1.000062363
"N[21,34]",N10,2008,9.65697,32.6011,64.688,35.02210112,15.11912413,NA,0.166507638,1.1,8245,-0.001942077,1.000223685
"N[21,35]",N10,2009,11.4087,41.328,83.0183,44.75547797,19.66887162,NA,0.214791428,1.1,8385,-0.007904419,1.000259025
"N[21,36]",N10,2010,16.4627,52.7419,109.058,57.27178809,25.49370235,NA,0.280884913,1.1,8238,-0.00534408,1.00043977
"N[21,37]",N10,2011,19.7919,67.4227,138.403,73.28841741,32.99506059,NA,0.3630614,1.1,8259,0.001768362,1.000561649
"N[21,38]",N10,2012,21.8761,84.0232,174.496,91.85040152,42.88515081,NA,0.464309228,1.1,8531,0.000622643,1.000773008
